split,label,category,source_type,source_path,output_path,sha256,average_hash
val,edible,banane,structured,/Users/timwalther/food_freshness/data/val/edible/banane_edible_e44e505558ea.png,data/val/edible/banane_edible_e44e505558ea.png,e44e505558ea553d53202ad50cf5bd3929f93677560f9626c3ea3ddd604119c3,895933743829358624
val,edible,banane,structured,/Users/timwalther/food_freshness/data/val/edible/banane_edible_4430726f8924.jpg,data/val/edible/banane_edible_4430726f8924.jpg,4430726f892463b22a7e917489d31a2f25207fe214563d919577aed60ab609ae,22250019109888
val,edible,banane,structured,/Users/timwalther/food_freshness/data/val/edible/banane_edible_98a4ff02a3c8.png,data/val/edible/banane_edible_98a4ff02a3c8.png,98a4ff02a3c88b87cbec7ccc4bad36d9194e439f8aff67ba4327eebe2babf6d3,3964439806820427310
val,edible,banane,structured,/Users/timwalther/food_freshness/data/val/edible/banane_edible_187680d9b827.png,data/val/edible/banane_edible_187680d9b827.png,187680d9b8272b36953b3be2a2068b5bc53506bbf48860ed2991e55fc450a16d,18392628965404689407
val,edible,banane,structured,/Users/timwalther/food_freshness/data/val/edible/banane_edible_6f212c0642cc.jpg,data/val/edible/banane_edible_6f212c0642cc.jpg,6f212c0642cca9734acd51fbe7f7a6e5e6705d8262f93ab90b802aa7b6beaedb,18446743181164818432
val,edible,banane,structured,/Users/timwalther/food_freshness/data/val/edible/banane_edible_5370cd50b3e7.jpeg,data/val/edible/banane_edible_5370cd50b3e7.jpeg,5370cd50b3e7ba8995ed0cf5420fd2c5ed0aecc6963d06640e2f45c4b76e3c9d,17423455662659002499
val,edible,banane,structured,/Users/timwalther/food_freshness/data/val/edible/banane_edible_d83ab63daf44.jpg,data/val/edible/banane_edible_d83ab63daf44.jpg,d83ab63daf44f662f9b0cf7b16a299fa9d8c9dce073184c533c972fc204ad5d5,18446743240991047680
val,edible,banane,structured,/Users/timwalther/food_freshness/data/val/edible/banane_edible_50c6d5eb330d.jpg,data/val/edible/banane_edible_50c6d5eb330d.jpg,50c6d5eb330dbda3ff21c13e73f6ff4410481e44687995e716c67311c80619ab,18384839499394842624
val,edible,banane,structured,/Users/timwalther/food_freshness/data/val/edible/banane_edible_ae61dcf74eeb.jpg,data/val/edible/banane_edible_ae61dcf74eeb.jpg,ae61dcf74eeb2d0769f0c7a191a52dc3f357d85e979ac4086687c87b8ef4bd85,26509548920320
train,edible,banane,structured,/Users/timwalther/food_freshness/data/train/edible/banane_edible_7771a85406fd.jpg,data/train/edible/banane_edible_7771a85406fd.jpg,7771a85406fd56b2206781f52957aa28f4e19706b529e949f2d77a97492bbb1f,18446469467429805056
train,edible,banane,structured,/Users/timwalther/food_freshness/data/train/edible/banane_edible_30d1be36c0c2.png,data/train/edible/banane_edible_30d1be36c0c2.png,30d1be36c0c2b6a47cf8f6117c884192e1b3d1cf489bf188d3ba6046e14d055f,18156818189987024767
train,edible,banane,structured,/Users/timwalther/food_freshness/data/train/edible/banane_edible_42587dbba8df.png,data/train/edible/banane_edible_42587dbba8df.png,42587dbba8df7f9de664cbf0b6697d841bf05afd7fa2703ddf5032d0e8ec023b,4106436781643802632
train,edible,banane,structured,/Users/timwalther/food_freshness/data/train/edible/banane_edible_1344a08d861c.jpg,data/train/edible/banane_edible_1344a08d861c.jpg,1344a08d861c5d8a739dc5bf61b8e05fb6f762fb254eb5274d71e655c6e47f6a,18437655768695046144
train,edible,banane,structured,/Users/timwalther/food_freshness/data/train/edible/banane_edible_749839a2da09.png,data/train/edible/banane_edible_749839a2da09.png,749839a2da096b23bc5a3303be30adf1afc314bad643f10eab54846410da78b3,18012693826657042883
train,edible,banane,structured,/Users/timwalther/food_freshness/data/train/edible/banane_edible_9662a4857213.png,data/train/edible/banane_edible_9662a4857213.png,9662a485721380f58076d0d1a01f1c4094c6864e334455ff494bf618c9822958,4483464258013036800
train,edible,banane,structured,/Users/timwalther/food_freshness/data/train/edible/banane_edible_961e229e17b7.png,data/train/edible/banane_edible_961e229e17b7.png,961e229e17b7686c3f25202b67bec5618e31a7852c7a60f5546b55f1e488715b,18300932345659900353
train,edible,banane,structured,/Users/timwalther/food_freshness/data/train/edible/banane_edible_0e2e053feed9.jpg,data/train/edible/banane_edible_0e2e053feed9.jpg,0e2e053feed9f774a08866c53231a74d352d6f447533a1793b57d63726c6dc4f,18446687021457489920
train,edible,banane,structured,/Users/timwalther/food_freshness/data/train/edible/banane_edible_d6cd52caac70.jpg,data/train/edible/banane_edible_d6cd52caac70.jpg,d6cd52caac7093315c836c32f493e3473fd5daee63d645bd28da50e9f66ebc41,18446743038622433280
train,edible,banane,structured,/Users/timwalther/food_freshness/data/train/edible/banane_edible_0d4b0a10619e.jpg,data/train/edible/banane_edible_0d4b0a10619e.jpg,0d4b0a10619e571ecb22be283a7c7680cf0616d0e30d12fe6147f95629a826da,18446743794805112832
train,edible,banane,structured,/Users/timwalther/food_freshness/data/train/edible/banane_edible_8a3aef52b6b8.png,data/train/edible/banane_edible_8a3aef52b6b8.png,8a3aef52b6b82e9e8c1ec30668515b9d79ac88990a484e6f3fad1fef2f7ae7a0,18445505618824512511
train,edible,banane,structured,/Users/timwalther/food_freshness/data/train/edible/banane_edible_98b0660f0302.png,data/train/edible/banane_edible_98b0660f0302.png,98b0660f030296a9d1607b2b9a5f3e71a6fc9018d8042badec6e53218f53f35e,9187201546188258687
train,edible,banane,structured,/Users/timwalther/food_freshness/data/train/edible/banane_edible_ffc0f0fffac7.jpeg,data/train/edible/banane_edible_ffc0f0fffac7.jpeg,ffc0f0fffac7b0009d679ee00170247adc8d9e33418d4abd3e71ad4f4ed9c0d3,18230553633924087936
train,edible,banane,structured,/Users/timwalther/food_freshness/data/train/edible/banane_edible_199a5a65c100.jpeg,data/train/edible/banane_edible_199a5a65c100.jpeg,199a5a65c100da7891b017f1c8106a1f14e5d04bae0e6fe33839720bb7f82f4f,17941382332776500420
train,edible,banane,structured,/Users/timwalther/food_freshness/data/train/edible/banane_edible_ecfbadc578e1.png,data/train/edible/banane_edible_ecfbadc578e1.png,ecfbadc578e13b821710bb73282dbcbdd2fc8199df852a753e9b758279fbc5d2,18433507023039554031
train,edible,banane,structured,/Users/timwalther/food_freshness/data/train/edible/banane_edible_adf03cf08392.jpg,data/train/edible/banane_edible_adf03cf08392.jpg,adf03cf083927cfbf1b5c5c1d7c87cdc18bb2be8d9402c7f4ded0259312317e1,18446743215659554816
train,edible,banane,structured,/Users/timwalther/food_freshness/data/train/edible/banane_edible_27992fab8723.png,data/train/edible/banane_edible_27992fab8723.png,27992fab8723cd3f390b56d427037d2db437483189ac5c5cc19872cdd1b9fdf4,18438231111403553791
train,edible,banane,structured,/Users/timwalther/food_freshness/data/train/edible/banane_edible_796d5dd08497.jpeg,data/train/edible/banane_edible_796d5dd08497.jpeg,796d5dd08497b1b5a2be72f98eaa321a1e5f28917753fa1771aaef33e2903318,17940908014643764478
train,edible,banane,structured,/Users/timwalther/food_freshness/data/train/edible/banane_edible_76c206b2d644.jpeg,data/train/edible/banane_edible_76c206b2d644.jpeg,76c206b2d644002e07ff026268bf67470ecf2bc29b010fdcfff02b8f1dd84082,15922674091672269040
train,edible,banane,structured,/Users/timwalther/food_freshness/data/train/edible/banane_edible_34ce970514b2.jpg,data/train/edible/banane_edible_34ce970514b2.jpg,34ce970514b2b111dbf4acd9aa4dd009ddb27a9cb989cbb456cebca1d7f36f12,18446743742997069824
train,edible,banane,structured,/Users/timwalther/food_freshness/data/train/edible/banane_edible_3529d23b7b48.jpg,data/train/edible/banane_edible_3529d23b7b48.jpg,3529d23b7b488bc362288d71cddecdcbca1b1e7b61f4cbcb8a9de05e2e0040b3,18446744052335378432
train,edible,banane,structured,/Users/timwalther/food_freshness/data/train/edible/banane_edible_fc1c9151c059.jpeg,data/train/edible/banane_edible_fc1c9151c059.jpeg,fc1c9151c059d483fdf01c522a48bfc85848d1b6203165381b26d44dec3c58ba,18446530898885613576
train,edible,banane,structured,/Users/timwalther/food_freshness/data/train/edible/banane_edible_367bd9795b8a.jpeg,data/train/edible/banane_edible_367bd9795b8a.jpeg,367bd9795b8aa6d1fcefebf741c0afc336c50699fa24f2b33b1d3c366e5f631a,18442642049751460880
train,edible,banane,structured,/Users/timwalther/food_freshness/data/train/edible/banane_edible_2c5eb25ee1fe.jpg,data/train/edible/banane_edible_2c5eb25ee1fe.jpg,2c5eb25ee1fe0bf2045d7390001812d0a01068542d99ee0a9384d9d68adb3022,2229610094084
train,edible,banane,structured,/Users/timwalther/food_freshness/data/train/edible/banane_edible_d0add3e4b686.jpg,data/train/edible/banane_edible_d0add3e4b686.jpg,d0add3e4b68664223f7c56a5bdcc80fde25a523b3c4c60593badc9f0104772bc,18661506576384
train,edible,banane,structured,/Users/timwalther/food_freshness/data/train/edible/banane_edible_88f7849adec1.png,data/train/edible/banane_edible_88f7849adec1.png,88f7849adec15f8161376e9166e8f026e3fb41299c67ff1c5c6118e91b5d869e,18410503893575385575
train,edible,banane,structured,/Users/timwalther/food_freshness/data/train/edible/banane_edible_0ed0a5ea0035.jpg,data/train/edible/banane_edible_0ed0a5ea0035.jpg,0ed0a5ea0035e2614d3a154b4e208f824eb52903eca777e23f8a01903f2d255c,132458812538880
train,edible,banane,structured,/Users/timwalther/food_freshness/data/train/edible/banane_edible_a2f164c15a55.png,data/train/edible/banane_edible_a2f164c15a55.png,a2f164c15a55a700c996ea0b89ddeb8bf00070cca9d049c8921fb1eb86384429,143540096063291586
train,edible,banane,structured,/Users/timwalther/food_freshness/data/train/edible/banane_edible_11be7e417dff.png,data/train/edible/banane_edible_11be7e417dff.png,11be7e417dffa06d71da6533b83273cd31ee0126089e6e5d95d9256159375d2f,747412270417213440
train,edible,banane,structured,/Users/timwalther/food_freshness/data/train/edible/banane_edible_729443d108ff.jpeg,data/train/edible/banane_edible_729443d108ff.jpeg,729443d108ff4aa74b19b23eaa87dac53bd25e0ee6c9d55d3ef33a6fbc7ffdaa,9223512222427185280
train,edible,banane,structured,/Users/timwalther/food_freshness/data/train/edible/banane_edible_4343e3604940.jpeg,data/train/edible/banane_edible_4343e3604940.jpeg,4343e360494086938644d4219c9888de4fa7148698ff91d6326959c6e11a7342,13889378325526216928
train,edible,banane,structured,/Users/timwalther/food_freshness/data/train/edible/banane_edible_8247542a752c.jpeg,data/train/edible/banane_edible_8247542a752c.jpeg,8247542a752c348872bab43d552e9549bdcc5be308c3233c6554d9e73c1612bc,13889378325526216928
train,edible,banane,structured,/Users/timwalther/food_freshness/data/train/edible/banane_edible_97fd97657496.png,data/train/edible/banane_edible_97fd97657496.png,97fd976574967b6043743521c4b7287e62fbea35973aaa18f4822faaff4fe0d3,16127328451501199167
train,edible,banane,structured,/Users/timwalther/food_freshness/data/train/edible/banane_edible_3374fee3efcc.jpg,data/train/edible/banane_edible_3374fee3efcc.jpg,3374fee3efcc13b4fad6405dd2376c7563d729b80df71893be4387eb5fb7bcf3,13460932795392
train,edible,banane,structured,/Users/timwalther/food_freshness/data/train/edible/banane_edible_8b05ade0e480.jpeg,data/train/edible/banane_edible_8b05ade0e480.jpeg,8b05ade0e480c0be971c7b8d791c1935142e4e266657e2389165c95531d95f13,286396657549842457
train,edible,banane,structured,/Users/timwalther/food_freshness/data/train/edible/banane_edible_75ba86e890dc.jpg,data/train/edible/banane_edible_75ba86e890dc.jpg,75ba86e890dcaff313a436ba1556573be556fa0215f7169a257e31e566a50fe5,18446743602945081344
val,edible,erdbeere,structured,/Users/timwalther/food_freshness/data/val/edible/erdbeere_edible_4284fe11db22.jpg,data/val/edible/erdbeere_edible_4284fe11db22.jpg,4284fe11db225646fea7802f09890bd23824555ef15c2d8976b551ac162f8ea4,18445039701333242355
val,edible,erdbeere,structured,/Users/timwalther/food_freshness/data/val/edible/erdbeere_edible_a667ffdd22a0.jpeg,data/val/edible/erdbeere_edible_a667ffdd22a0.jpeg,a667ffdd22a0d1ba4446021831c6700bd8af2cc44e24d3d0027141264908fe0f,18439708298803463167
val,edible,erdbeere,structured,/Users/timwalther/food_freshness/data/val/edible/erdbeere_edible_55977fb57822.jpg,data/val/edible/erdbeere_edible_55977fb57822.jpg,55977fb578225a221d001309706b74b20057aca23050f642a3ea3243478c9101,16204165592941650168
val,edible,erdbeere,structured,/Users/timwalther/food_freshness/data/val/edible/erdbeere_edible_b05d40e8d98e.jpg,data/val/edible/erdbeere_edible_b05d40e8d98e.jpg,b05d40e8d98eb9670d7e79712838a9f7320111e1529a77ec7a241e91c94b0bff,2242545357711474688
val,edible,erdbeere,structured,/Users/timwalther/food_freshness/data/val/edible/erdbeere_edible_c1fb65ab8567.jpeg,data/val/edible/erdbeere_edible_c1fb65ab8567.jpeg,c1fb65ab8567889d048b2208943f04c1a25320312a9f08745add036d64cfedaf,16681755785237231615
train,edible,erdbeere,structured,/Users/timwalther/food_freshness/data/train/edible/erdbeere_edible_d9d2829f85d9.jpeg,data/train/edible/erdbeere_edible_d9d2829f85d9.jpeg,d9d2829f85d9998d3bc3a11c130f33a5fb8b4f9fcae56af436f529754c3a2229,18446713015739924735
train,edible,erdbeere,structured,/Users/timwalther/food_freshness/data/train/edible/erdbeere_edible_e58493ea181f.jpeg,data/train/edible/erdbeere_edible_e58493ea181f.jpeg,e58493ea181fd471d879cf60cf908fa67fb89f8052d8448b0d69ddd5bfae71ca,18446730607925969407
train,edible,erdbeere,structured,/Users/timwalther/food_freshness/data/train/edible/erdbeere_edible_bf793fc1dba5.jpg,data/train/edible/erdbeere_edible_bf793fc1dba5.jpg,bf793fc1dba50d64e3437f7d76c3a19b975039763e2fe6f66bc9c13956e0e1e4,2242536664965316608
train,edible,erdbeere,structured,/Users/timwalther/food_freshness/data/train/edible/erdbeere_edible_71d268595e53.jpeg,data/train/edible/erdbeere_edible_71d268595e53.jpeg,71d268595e53798d3889bb9485f3a12d697742c61fb2115c32ceeb99c03adc58,18446468203831427072
train,edible,erdbeere,structured,/Users/timwalther/food_freshness/data/train/edible/erdbeere_edible_3f2c5589ece0.jpg,data/train/edible/erdbeere_edible_3f2c5589ece0.jpg,3f2c5589ece0a99f23ea18f24f15bbb26a1c0df87155730ff0e1a81f82ce8a5f,18445865430252843263
train,edible,erdbeere,structured,/Users/timwalther/food_freshness/data/train/edible/erdbeere_edible_453b7ae31ecb.jpeg,data/train/edible/erdbeere_edible_453b7ae31ecb.jpeg,453b7ae31ecb99c934c75a461ca5be7ab237600002ae7869f9a18a38e9bfb538,8063556046749237247
train,edible,erdbeere,structured,/Users/timwalther/food_freshness/data/train/edible/erdbeere_edible_45f32190c774.jpeg,data/train/edible/erdbeere_edible_45f32190c774.jpeg,45f32190c77416ca92ad8c012fc9a9a214b6d616b62e25eb860961767c4a4d67,8063556046749237247
train,edible,erdbeere,structured,/Users/timwalther/food_freshness/data/train/edible/erdbeere_edible_665fb12bf71b.jpeg,data/train/edible/erdbeere_edible_665fb12bf71b.jpeg,665fb12bf71b4038ae68a2c4c78290340299e6c31a18857e6ffbd38573db7abb,17835240514675343359
train,edible,erdbeere,structured,/Users/timwalther/food_freshness/data/train/edible/erdbeere_edible_b9af4acde9c8.jpeg,data/train/edible/erdbeere_edible_b9af4acde9c8.jpeg,b9af4acde9c8b75d305b0bc04431646d05efed5683378fedee04857c33db8ed4,18010396839068614907
train,edible,erdbeere,structured,/Users/timwalther/food_freshness/data/train/edible/erdbeere_edible_3e9a58ba6bcb.jpg,data/train/edible/erdbeere_edible_3e9a58ba6bcb.jpg,3e9a58ba6bcbf6627e366ce1b11151b9bc7a61e3adff38d3b7f0284f5aec62ef,2242580679489028352
train,edible,erdbeere,structured,/Users/timwalther/food_freshness/data/train/edible/erdbeere_edible_2c6afdebc69f.jpeg,data/train/edible/erdbeere_edible_2c6afdebc69f.jpeg,2c6afdebc69fad9730678f437716fa5823ba01c4feaaad212c7aaae7f17e17c8,18446675356384526529
train,edible,erdbeere,structured,/Users/timwalther/food_freshness/data/train/edible/erdbeere_edible_0ba26f082118.jpeg,data/train/edible/erdbeere_edible_0ba26f082118.jpeg,0ba26f0821181c1cfbc3624b929f24a8726ea879461c3c972ceb69cd2338b1cc,18446675356388720865
train,edible,erdbeere,structured,/Users/timwalther/food_freshness/data/train/edible/erdbeere_edible_57a583acea7b.jpeg,data/train/edible/erdbeere_edible_57a583acea7b.jpeg,57a583acea7b9797a5feb36951b05e278fb251e1e9caca93ea8abee4aa380b43,18446604435741337599
train,edible,erdbeere,structured,/Users/timwalther/food_freshness/data/train/edible/erdbeere_edible_93f6e960f976.jpeg,data/train/edible/erdbeere_edible_93f6e960f976.jpeg,93f6e960f9761bc6248b8eba8e14589fc473fda74f5442633a28834e9df48e73,18365273030199378407
train,edible,erdbeere,structured,/Users/timwalther/food_freshness/data/train/edible/erdbeere_edible_8d5a871393a2.jpg,data/train/edible/erdbeere_edible_8d5a871393a2.jpg,8d5a871393a22a18176e54d909b482c53e692dbe6fcf6d5f4892af916044d979,2242545632841433088
train,edible,erdbeere,structured,/Users/timwalther/food_freshness/data/train/edible/erdbeere_edible_d87167cdbb42.jpg,data/train/edible/erdbeere_edible_d87167cdbb42.jpg,d87167cdbb429ed8bbb7b63e179b7a5eb3ef2693b4ffbefce9dfcced62e05ccb,18443333121307960319
train,edible,erdbeere,structured,/Users/timwalther/food_freshness/data/train/edible/erdbeere_edible_322c534dc964.jpg,data/train/edible/erdbeere_edible_322c534dc964.jpg,322c534dc96406e28b284b3e83bb60ee6726a07aa8a437820ee3a47bc9e33e8b,2242545288789098496
train,edible,erdbeere,structured,/Users/timwalther/food_freshness/data/train/edible/erdbeere_edible_65c1b0f729c2.jpg,data/train/edible/erdbeere_edible_65c1b0f729c2.jpg,65c1b0f729c2132788ea7ba6ad9a63a62c292a57fa3100d73b117fceb2a070b3,4548388298069901312
train,edible,erdbeere,structured,/Users/timwalther/food_freshness/data/train/edible/erdbeere_edible_3bc8592f6eae.jpg,data/train/edible/erdbeere_edible_3bc8592f6eae.jpg,3bc8592f6eaeed7e281c9654dc62ce0d1232d7bda1dac3ef1159a39378d77377,17578644191871877571
train,edible,erdbeere,structured,/Users/timwalther/food_freshness/data/train/edible/erdbeere_edible_a1da9909cdef.jpg,data/train/edible/erdbeere_edible_a1da9909cdef.jpg,a1da9909cdeff289946dae271d8a518b29a05d1634fce0bf044b78e414fd6cde,18446637485758611456
train,edible,erdbeere,structured,/Users/timwalther/food_freshness/data/train/edible/erdbeere_edible_e75847df3380.jpeg,data/train/edible/erdbeere_edible_e75847df3380.jpeg,e75847df33806949899a639c34cc8343fffb03968dc54cd849eef69d9ba2e40c,18446743530404642815
train,edible,erdbeere,structured,/Users/timwalther/food_freshness/data/train/edible/erdbeere_edible_9b4ec6350d74.jpg,data/train/edible/erdbeere_edible_9b4ec6350d74.jpg,9b4ec6350d74bc861a325feea7ad552ea53669a93b905ec9c77d5827f2e40e4d,18300923478422384887
val,edible,gurke,structured,/Users/timwalther/food_freshness/data/val/edible/gurke_edible_d544db93450f.png,data/val/edible/gurke_edible_d544db93450f.png,d544db93450fcc5e65ff81c28d4145e6ed0c4f08787dbd06a062ad33e7ee8dd3,1098706525427434495
val,edible,gurke,structured,/Users/timwalther/food_freshness/data/val/edible/gurke_edible_8ad214bf3ff4.jpg,data/val/edible/gurke_edible_8ad214bf3ff4.jpg,8ad214bf3ff4ba112fbfcdca90303a248c9567e8bbd52f5c91868c28cbce809b,18383416060309733375
val,edible,gurke,structured,/Users/timwalther/food_freshness/data/val/edible/gurke_edible_7839f59340a8.jpg,data/val/edible/gurke_edible_7839f59340a8.jpg,7839f59340a816fc92201c918df948718c2d9d08695a6929e216d4c35fed4923,18446727309410435071
val,edible,gurke,structured,/Users/timwalther/food_freshness/data/val/edible/gurke_edible_dff2172bbaf7.jpg,data/val/edible/gurke_edible_dff2172bbaf7.jpg,dff2172bbaf7c5805ebfc8b0d77a58981da0bf9c7d4d0f32ea987a4ed2110ad0,16710573371779186432
val,edible,gurke,structured,/Users/timwalther/food_freshness/data/val/edible/gurke_edible_62ababa5c2fd.jpg,data/val/edible/gurke_edible_62ababa5c2fd.jpg,62ababa5c2fdd1496ff76e1d52507edbdfe463d49abd60d34b329418e3391504,18446743829013856256
val,edible,gurke,structured,/Users/timwalther/food_freshness/data/val/edible/gurke_edible_4454427360c1.jpg,data/val/edible/gurke_edible_4454427360c1.jpg,4454427360c1abcf20e7d6f923b0bc65586b5b27f38ad8cba88d1a0c59d04b58,18446744069414584320
val,edible,gurke,structured,/Users/timwalther/food_freshness/data/val/edible/gurke_edible_15d367efb0f4.jpg,data/val/edible/gurke_edible_15d367efb0f4.jpg,15d367efb0f45e178503bd8ecec08e14d5972c09e80388ccb21f93be89286b4a,18446744070219890688
train,edible,gurke,structured,/Users/timwalther/food_freshness/data/train/edible/gurke_edible_74dc0a7d3418.jpg,data/train/edible/gurke_edible_74dc0a7d3418.jpg,74dc0a7d3418b66eed13fa5d76f14e62dba8af2bc888d663589cb584f9be9a67,18438163278807891968
train,edible,gurke,structured,/Users/timwalther/food_freshness/data/train/edible/gurke_edible_1aa9d69c11a5.jpg,data/train/edible/gurke_edible_1aa9d69c11a5.jpg,1aa9d69c11a55fb6e6e375d129fc774a0406a30271c17bb0ee204c6729c12118,18446736246183034879
train,edible,gurke,structured,/Users/timwalther/food_freshness/data/train/edible/gurke_edible_6a9e2b8adb61.png,data/train/edible/gurke_edible_6a9e2b8adb61.png,6a9e2b8adb61cb44e9558850b2f957397399e02093e101fb25bb9ec51012a3f4,4503251922953830012
train,edible,gurke,structured,/Users/timwalther/food_freshness/data/train/edible/gurke_edible_2b43748f9220.png,data/train/edible/gurke_edible_2b43748f9220.png,2b43748f9220eecea79fb4394dbd60f3f16e35925f7af519328251b4185c5fa4,4503251922983321212
train,edible,gurke,structured,/Users/timwalther/food_freshness/data/train/edible/gurke_edible_072d10b7c48d.png,data/train/edible/gurke_edible_072d10b7c48d.png,072d10b7c48ddb358cd34f8096be95e51882c3024a8a8461f40aef8565ddaf9b,4503251922987515516
train,edible,gurke,structured,/Users/timwalther/food_freshness/data/train/edible/gurke_edible_61f7dc2dfceb.png,data/train/edible/gurke_edible_61f7dc2dfceb.png,61f7dc2dfceba6a84ff728a52b51825fdfbb90e41ef505bf23a8e64d5f78df8c,4503251922987515516
train,edible,gurke,structured,/Users/timwalther/food_freshness/data/train/edible/gurke_edible_80b1e588014f.png,data/train/edible/gurke_edible_80b1e588014f.png,80b1e588014f4d1e04d9a6b9bb507c8548990bc33a336de3abf6b001ca43a40e,4503251922987515516
train,edible,gurke,structured,/Users/timwalther/food_freshness/data/train/edible/gurke_edible_84cdacbd5073.png,data/train/edible/gurke_edible_84cdacbd5073.png,84cdacbd5073dae36b236fb89f573da6cc6538b33282de8d8cbc6187ae193412,4503251922987515516
train,edible,gurke,structured,/Users/timwalther/food_freshness/data/train/edible/gurke_edible_a2844e2ccb08.png,data/train/edible/gurke_edible_a2844e2ccb08.png,a2844e2ccb08b39abc6f841aa082683c8c4367c9915d047f2106fe1a90149aad,4503251922987515516
train,edible,gurke,structured,/Users/timwalther/food_freshness/data/train/edible/gurke_edible_3457ca9813b8.png,data/train/edible/gurke_edible_3457ca9813b8.png,3457ca9813b8c78bf7f4bfebf4df9126ffecfa1160488a535382356b926d6815,4503317995693014652
train,edible,gurke,structured,/Users/timwalther/food_freshness/data/train/edible/gurke_edible_7cc5552ae09d.jpg,data/train/edible/gurke_edible_7cc5552ae09d.jpg,7cc5552ae09d4db69650b80f57359d1383af8007e59692a8838558944ba58379,18442209142325706751
train,edible,gurke,structured,/Users/timwalther/food_freshness/data/train/edible/gurke_edible_4eb37cfb0bc2.jpg,data/train/edible/gurke_edible_4eb37cfb0bc2.jpg,4eb37cfb0bc2b4b012599aebb5026028bbb7e2a81de6293f1557c1c9a32ac0c1,18446744073708733327
train,edible,gurke,structured,/Users/timwalther/food_freshness/data/train/edible/gurke_edible_4245ffee1ca2.png,data/train/edible/gurke_edible_4245ffee1ca2.png,4245ffee1ca2c8b17106749aa90f1bfd50d2357141c933d800b9c40c069c5e39,18446710538621919231
train,edible,gurke,structured,/Users/timwalther/food_freshness/data/train/edible/gurke_edible_21f68eabe2b8.png,data/train/edible/gurke_edible_21f68eabe2b8.png,21f68eabe2b8ab12bc43d45a146d301ffcd154c6eb4dacbc9e6dd757c7d710c3,4503318022504578684
train,edible,gurke,structured,/Users/timwalther/food_freshness/data/train/edible/gurke_edible_6613409cc99d.png,data/train/edible/gurke_edible_6613409cc99d.png,6613409cc99d48606cd965da2d8c3d17871c56ba8f9873f01ea190e087385d74,4503318099813990012
train,edible,gurke,structured,/Users/timwalther/food_freshness/data/train/edible/gurke_edible_b3f3c663b43d.png,data/train/edible/gurke_edible_b3f3c663b43d.png,b3f3c663b43dc7edf1fcacf0fc9d5259276672d52c4a44674a394f87821b0bd3,4503282727033503356
train,edible,gurke,structured,/Users/timwalther/food_freshness/data/train/edible/gurke_edible_53991bbb1abd.png,data/train/edible/gurke_edible_53991bbb1abd.png,53991bbb1abd74f271110cdf6c79f3a930a352733006f454df9fb3bd024f82e2,4503317910868950652
train,edible,gurke,structured,/Users/timwalther/food_freshness/data/train/edible/gurke_edible_9baacb15b56d.jpg,data/train/edible/gurke_edible_9baacb15b56d.jpg,9baacb15b56da849ec553ea0dd92970f2aacc016e08065c4f60dcf77aa818abe,18443350950694354944
train,edible,gurke,structured,/Users/timwalther/food_freshness/data/train/edible/gurke_edible_4ddd1aa83310.jpg,data/train/edible/gurke_edible_4ddd1aa83310.jpg,4ddd1aa833101ac1c2d51a1d26583540e0f23d672aa8ad711a1d9db67a86aea3,18446712752694099967
train,edible,gurke,structured,/Users/timwalther/food_freshness/data/train/edible/gurke_edible_3ff564523d67.jpg,data/train/edible/gurke_edible_3ff564523d67.jpg,3ff564523d67e4e6b4887ffc85f18504bb7fde4d773f9667555bc48b981d34b8,18437670646059106303
train,edible,gurke,structured,/Users/timwalther/food_freshness/data/train/edible/gurke_edible_7a3fd221aa0a.jpg,data/train/edible/gurke_edible_7a3fd221aa0a.jpg,7a3fd221aa0ab3ee311766e0ef201487fa0ff4d99c40787a7c651caf05fcdbcb,18446637975164026879
train,edible,gurke,structured,/Users/timwalther/food_freshness/data/train/edible/gurke_edible_1c2822fb9ec4.png,data/train/edible/gurke_edible_1c2822fb9ec4.png,1c2822fb9ec4ec45f6652526fd822446ad0988ce9dff0c6716e5e56434337411,4503291505406377596
train,edible,gurke,structured,/Users/timwalther/food_freshness/data/train/edible/gurke_edible_b05c88472abf.png,data/train/edible/gurke_edible_b05c88472abf.png,b05c88472abfa983ef90f88f6582fc7255248f0bf2267035616992b45711327e,4503291505406377596
val,edible,orange,structured,/Users/timwalther/food_freshness/data/val/edible/orange_edible_bfb5937753c3.jpg,data/val/edible/orange_edible_bfb5937753c3.jpg,bfb5937753c3f24bbef9d1c391264b835fd797fd66d177561b7d232109c3c8c9,14956315274343614879
val,edible,orange,structured,/Users/timwalther/food_freshness/data/val/edible/orange_edible_1b923fc6935a.jpg,data/val/edible/orange_edible_1b923fc6935a.jpg,1b923fc6935a736b4da27c6bedceb6480fd9a8a107c397e98c194f0a3219c8f5,18430844876908003328
val,edible,orange,structured,/Users/timwalther/food_freshness/data/val/edible/orange_edible_41296c7b66a2.jpg,data/val/edible/orange_edible_41296c7b66a2.jpg,41296c7b66a2bfebaa9e0cf27e253f0329e70419fa551e3cd7eee395617471ca,8724021055
val,edible,orange,structured,/Users/timwalther/food_freshness/data/val/edible/orange_edible_79cf56405f50.jpg,data/val/edible/orange_edible_79cf56405f50.jpg,79cf56405f50b6efcf1e276cb9391a8ea54ac996cdb3f0a75be5b15fc5bc45ed,33910007516899328
val,edible,orange,structured,/Users/timwalther/food_freshness/data/val/edible/orange_edible_d86bec4eaae7.jpg,data/val/edible/orange_edible_d86bec4eaae7.jpg,d86bec4eaae722afa01bed97330661840805950f43b7d9c822f80bb46f626889,18430844042565894936
val,edible,orange,structured,/Users/timwalther/food_freshness/data/val/edible/orange_edible_f044d0d7d042.jpg,data/val/edible/orange_edible_f044d0d7d042.jpg,f044d0d7d042f89f7cb82a0adf4d7b757de1cb7c0c6da4c8ec27f758fd45dea0,18438230011887731695
train,edible,orange,structured,/Users/timwalther/food_freshness/data/train/edible/orange_edible_e44848e22ba3.jpg,data/train/edible/orange_edible_e44848e22ba3.jpg,e44848e22ba30f4abc4f718aee5452a689b742f258b3852a391dc4827c3ab5f4,18446741862540115968
train,edible,orange,structured,/Users/timwalther/food_freshness/data/train/edible/orange_edible_b1073168cfdb.jpg,data/train/edible/orange_edible_b1073168cfdb.jpg,b1073168cfdbdbfcbbba5666905bb108197c8ead6013b26f86e7415ddfd172d0,17291484347944402944
train,edible,orange,structured,/Users/timwalther/food_freshness/data/train/edible/orange_edible_24d403f5d883.jpg,data/train/edible/orange_edible_24d403f5d883.jpg,24d403f5d88387eb42b0b270a1443078ed5a61ec7e734cfdaafa92e76a34533d,18446677844303282175
train,edible,orange,structured,/Users/timwalther/food_freshness/data/train/edible/orange_edible_b1f0f525531a.jpg,data/train/edible/orange_edible_b1f0f525531a.jpg,b1f0f525531af0d48e6986fa3a7025ee6cfae5d773c025a68a2bd32994415c99,18446677844303282175
train,edible,orange,structured,/Users/timwalther/food_freshness/data/train/edible/orange_edible_e1cd39775b1c.jpg,data/train/edible/orange_edible_e1cd39775b1c.jpg,e1cd39775b1c7b631c6446eed1c546091d743edb66b7897a836f2de38f6a0e4f,18429716493353730559
train,edible,orange,structured,/Users/timwalther/food_freshness/data/train/edible/orange_edible_701ab982ae10.jpg,data/train/edible/orange_edible_701ab982ae10.jpg,701ab982ae10671c84a353e4e3013171b1fce8b67ab54c3a2a45faa385464157,18429716493353731047
train,edible,orange,structured,/Users/timwalther/food_freshness/data/train/edible/orange_edible_cf0b6195f350.jpg,data/train/edible/orange_edible_cf0b6195f350.jpg,cf0b6195f35014d54b8a2808dc48456a757e5e2a734aaae4489338667994f66c,18438723692608472063
train,edible,orange,structured,/Users/timwalther/food_freshness/data/train/edible/orange_edible_e82941c5ef7c.jpg,data/train/edible/orange_edible_e82941c5ef7c.jpg,e82941c5ef7c7adbd3ce9a86403ba73d5c1f6398293270a770d79f8ab3e6029b,17288470351106316510
train,edible,orange,structured,/Users/timwalther/food_freshness/data/train/edible/orange_edible_df7507cf0911.jpg,data/train/edible/orange_edible_df7507cf0911.jpg,df7507cf0911da9f1ae8937b40df40f53e50592b2fbc900edf99225438049790,18411139172311098343
train,edible,orange,structured,/Users/timwalther/food_freshness/data/train/edible/orange_edible_bd6005ddf949.jpg,data/train/edible/orange_edible_bd6005ddf949.jpg,bd6005ddf949cca804366e441c4535f446fa678455c176ab2e9d40787582bb2e,18296705214361056026
train,edible,orange,structured,/Users/timwalther/food_freshness/data/train/edible/orange_edible_222c3b724bd6.jpg,data/train/edible/orange_edible_222c3b724bd6.jpg,222c3b724bd6ae33e912b115fbf80647e2121437456401620ef287837bb598ad,4359202963101794876
train,edible,orange,structured,/Users/timwalther/food_freshness/data/train/edible/orange_edible_2e84cf653fb2.jpg,data/train/edible/orange_edible_2e84cf653fb2.jpg,2e84cf653fb2645d61c1b52478ea15700f7de07e8724dc8a9b6c0164cc2216e0,18445029801433563648
train,edible,orange,structured,/Users/timwalther/food_freshness/data/train/edible/orange_edible_457aa1718c26.jpg,data/train/edible/orange_edible_457aa1718c26.jpg,457aa1718c26196715b033ee95f365f9dfb24a52a176c759c5a3b6759c5cfa12,18446744069154587200
train,edible,orange,structured,/Users/timwalther/food_freshness/data/train/edible/orange_edible_1f6fb30111ae.jpg,data/train/edible/orange_edible_1f6fb30111ae.jpg,1f6fb30111ae3b349d3e90bf5dfbc28118be856e86aac4ea9bd093d2a21d3130,18412834618722746368
train,edible,orange,structured,/Users/timwalther/food_freshness/data/train/edible/orange_edible_d605eeaffa45.jpg,data/train/edible/orange_edible_d605eeaffa45.jpg,d605eeaffa456b9d464b1b0c0e25b590013a26af44c2a1662d2a9a4a76391bfc,18446743507244679168
train,edible,orange,structured,/Users/timwalther/food_freshness/data/train/edible/orange_edible_a75efab6eeee.jpg,data/train/edible/orange_edible_a75efab6eeee.jpg,a75efab6eeeeae3d56e2af48e6f4954892f31d56c5ea4723bcc90a76d7a816be,18446744018952937825
train,edible,orange,structured,/Users/timwalther/food_freshness/data/train/edible/orange_edible_0410987de82c.jpg,data/train/edible/orange_edible_0410987de82c.jpg,0410987de82cb110907b356efa3db48a7b9d679d45dc9b9abb5efa3596eaf3bc,18446735239096041472
train,edible,orange,structured,/Users/timwalther/food_freshness/data/train/edible/orange_edible_010d34074d01.jpg,data/train/edible/orange_edible_010d34074d01.jpg,010d34074d0185123fe13ff9f060a8dbd400e4350d74286d4987e18f93159e1c,7949736398949376
train,edible,orange,structured,/Users/timwalther/food_freshness/data/train/edible/orange_edible_5a8b3001a49d.jpg,data/train/edible/orange_edible_5a8b3001a49d.jpg,5a8b3001a49d3880022d63cd69adbdfd29093c832306db67fb288e9fe43fdaa9,18374686449351049456
train,edible,orange,structured,/Users/timwalther/food_freshness/data/train/edible/orange_edible_3bf0cc086161.jpg,data/train/edible/orange_edible_3bf0cc086161.jpg,3bf0cc0861614e268a3a87a903f510d8e446bf865dd4c48847aa8afe416bfe91,18446728546885894144
train,edible,orange,structured,/Users/timwalther/food_freshness/data/train/edible/orange_edible_42ab2b9e32d5.jpg,data/train/edible/orange_edible_42ab2b9e32d5.jpg,42ab2b9e32d5ed97a4e43770ab6ba72086e5f060b39024b364ae475a33e2e4e0,17362771427681312766
train,edible,orange,structured,/Users/timwalther/food_freshness/data/train/edible/orange_edible_95ca2b57fed5.jpg,data/train/edible/orange_edible_95ca2b57fed5.jpg,95ca2b57fed53993b132584095e8b96993ba312610c7dbbb660ae1938febd7d0,18444484305689375743
train,edible,orange,structured,/Users/timwalther/food_freshness/data/train/edible/orange_edible_87b592bbdee8.jpg,data/train/edible/orange_edible_87b592bbdee8.jpg,87b592bbdee86c838fa8daefd1fc44c7a79f85042c134217b7c390c33cbfb3db,18446734695522107392
train,edible,orange,structured,/Users/timwalther/food_freshness/data/train/edible/orange_edible_1ebcfbcecb50.jpg,data/train/edible/orange_edible_1ebcfbcecb50.jpg,1ebcfbcecb505e5e47b7e560d4088ea90e327b7545329d48370f395d72915017,18446716793087860736
train,edible,orange,structured,/Users/timwalther/food_freshness/data/train/edible/orange_edible_8d37475b5e6c.jpg,data/train/edible/orange_edible_8d37475b5e6c.jpg,8d37475b5e6c0be137a40452e0483f757924d3242f3a625de16436be6496d2bd,17942336491103510776
val,edible,paprika,structured,/Users/timwalther/food_freshness/data/val/edible/paprika_edible_4d625402a0b7.jpg,data/val/edible/paprika_edible_4d625402a0b7.jpg,4d625402a0b71f4ef4fc2bd83a152810a9e318ee81c2f7704960c21fd79f8999,2170367797391978624
val,edible,paprika,structured,/Users/timwalther/food_freshness/data/val/edible/paprika_edible_63e92463d8b7.jpg,data/val/edible/paprika_edible_63e92463d8b7.jpg,63e92463d8b7074371c46092c968055bca54a915a4cf82ea2699ae7a50b34ca4,9503686895232647623
val,edible,paprika,structured,/Users/timwalther/food_freshness/data/val/edible/paprika_edible_0386ea8a7b7a.jpg,data/val/edible/paprika_edible_0386ea8a7b7a.jpg,0386ea8a7b7aaaa38f555c24588e278470aaad7eaba13ebb7c8f37ee03e3b7ae,16682180749713064447
val,edible,paprika,structured,/Users/timwalther/food_freshness/data/val/edible/paprika_edible_fab8e76ca5b7.jpeg,data/val/edible/paprika_edible_fab8e76ca5b7.jpeg,fab8e76ca5b78f48d3e1ddaf59d38e6b0fdcc4b1e0bf72211789a488fa58b6e0,18429011708653068531
val,edible,paprika,structured,/Users/timwalther/food_freshness/data/val/edible/paprika_edible_39f1bce3a52c.jpg,data/val/edible/paprika_edible_39f1bce3a52c.jpg,39f1bce3a52c027d7045d20a0ff8a810635d7ea96ae2a13411eabb556342188c,620545528715019990
train,edible,paprika,structured,/Users/timwalther/food_freshness/data/train/edible/paprika_edible_1aa686fd493c.jpg,data/train/edible/paprika_edible_1aa686fd493c.jpg,1aa686fd493c296eb24c7f99cd3ae3a2ab186140e5ded736b6fada501632aa97,18446728407824760961
train,edible,paprika,structured,/Users/timwalther/food_freshness/data/train/edible/paprika_edible_e9ab2af76fe7.jpg,data/train/edible/paprika_edible_e9ab2af76fe7.jpg,e9ab2af76fe76ec71988c0705f7ae37c5acd4da37f5e52a3bc290a4563ed54c3,17204454893222416068
train,edible,paprika,structured,/Users/timwalther/food_freshness/data/train/edible/paprika_edible_d4fe865c34a0.jpg,data/train/edible/paprika_edible_d4fe865c34a0.jpg,d4fe865c34a0460361bd3e7a51d4f70f16612cfbde63972eabde752374d670bd,4520381602698495751
train,edible,paprika,structured,/Users/timwalther/food_freshness/data/train/edible/paprika_edible_fd39a73a3f3a.jpeg,data/train/edible/paprika_edible_fd39a73a3f3a.jpeg,fd39a73a3f3a7024e58cf3c90dd541500d5d905131a1909df4408d1cb2251f3e,9151297954488778360
train,edible,paprika,structured,/Users/timwalther/food_freshness/data/train/edible/paprika_edible_d909a79968fd.jpg,data/train/edible/paprika_edible_d909a79968fd.jpg,d909a79968fde0cb091e813e5c3968a79c2dda5cf1a9547a651e68ca3530da04,506487725055229180
train,edible,paprika,structured,/Users/timwalther/food_freshness/data/train/edible/paprika_edible_b3938cffac1c.jpeg,data/train/edible/paprika_edible_b3938cffac1c.jpeg,b3938cffac1cacd26fa74e90810124c157819d13edbaadf9ed1dee3dc698b310,18415360165710038015
train,edible,paprika,structured,/Users/timwalther/food_freshness/data/train/edible/paprika_edible_564cde3439d6.jpg,data/train/edible/paprika_edible_564cde3439d6.jpg,564cde3439d6767845edf233f6100c63c9ce7e07ee91443076ca2298cebfff55,137328109903707452
train,edible,paprika,structured,/Users/timwalther/food_freshness/data/train/edible/paprika_edible_fa28af251b4d.jpg,data/train/edible/paprika_edible_fa28af251b4d.jpg,fa28af251b4dc60fe92a32fd64ce9b8b73d4da2fe2c7fed25fba38ba19c2c083,217096299118724895
train,edible,paprika,structured,/Users/timwalther/food_freshness/data/train/edible/paprika_edible_d604cc24b188.jpeg,data/train/edible/paprika_edible_d604cc24b188.jpeg,d604cc24b1888167c8df97fbb228a4327de8eb72f28483298351cbf1154b693a,18230540237973749758
train,edible,paprika,structured,/Users/timwalther/food_freshness/data/train/edible/paprika_edible_e591c0de26d7.jpg,data/train/edible/paprika_edible_e591c0de26d7.jpg,e591c0de26d7c4c04f6db18b7a21205b6407ecb0d6a673086908cfb69b98da37,18438725339837990911
train,edible,paprika,structured,/Users/timwalther/food_freshness/data/train/edible/paprika_edible_c64dea8d7213.jpg,data/train/edible/paprika_edible_c64dea8d7213.jpg,c64dea8d7213d3f327339356f145ce629550bec3c0a24944ae9c3ffefe7b38c7,1137095026980370556
train,edible,paprika,structured,/Users/timwalther/food_freshness/data/train/edible/paprika_edible_3db126eb6e64.jpeg,data/train/edible/paprika_edible_3db126eb6e64.jpeg,3db126eb6e641db282ad11d9e54e24f55ec5cacad9227ce3d3d3a66e669ba812,4545254555658708736
train,edible,paprika,structured,/Users/timwalther/food_freshness/data/train/edible/paprika_edible_d8123bdabc07.jpeg,data/train/edible/paprika_edible_d8123bdabc07.jpeg,d8123bdabc07ea91bc1a5530b35922b0020c8e0d646ce629b684eacc41e36c94,14339743245829914622
train,edible,paprika,structured,/Users/timwalther/food_freshness/data/train/edible/paprika_edible_76a834aa8ca2.jpg,data/train/edible/paprika_edible_76a834aa8ca2.jpg,76a834aa8ca2c1e0bcff250a92124c35e1c9e77a672a093b0e9d8c611a2d00e4,14932943475165430790
train,edible,paprika,structured,/Users/timwalther/food_freshness/data/train/edible/paprika_edible_85e90dcaa1f6.jpeg,data/train/edible/paprika_edible_85e90dcaa1f6.jpeg,85e90dcaa1f650b8dab92c71200c0857aca0d2bfe0f6eabff863f4aa50735475,18437630778050446279
train,edible,paprika,structured,/Users/timwalther/food_freshness/data/train/edible/paprika_edible_843abae795cd.jpg,data/train/edible/paprika_edible_843abae795cd.jpg,843abae795cdff3aefebdb2cac821f9b84b7ab239e4c9894560df57750acf7b9,14983018941878485192
train,edible,paprika,structured,/Users/timwalther/food_freshness/data/train/edible/paprika_edible_67d6825c7eeb.jpeg,data/train/edible/paprika_edible_67d6825c7eeb.jpeg,67d6825c7eeb8f6cef0cf7d6d4dd93e9d347b8af6dfb4cd3e964b3412f81325c,18414940715035394047
train,edible,paprika,structured,/Users/timwalther/food_freshness/data/train/edible/paprika_edible_7a52875d1b2a.jpg,data/train/edible/paprika_edible_7a52875d1b2a.jpg,7a52875d1b2af67c019becfb3d099d4210f8db5a64bba3e773b6983151713832,6987612513236885271
train,edible,paprika,structured,/Users/timwalther/food_freshness/data/train/edible/paprika_edible_39fafba5edfd.jpeg,data/train/edible/paprika_edible_39fafba5edfd.jpeg,39fafba5edfd4382845d8aaebb14bb819432e1a186098d05d0fb4a8ed5931dd9,18446675360700680191
train,edible,paprika,structured,/Users/timwalther/food_freshness/data/train/edible/paprika_edible_8c4e4e64791d.jpeg,data/train/edible/paprika_edible_8c4e4e64791d.jpeg,8c4e4e64791d45fed45adecc50366741526d5c54ed3d1ea7666c34c7c34f9529,18302628755719439359
train,edible,paprika,structured,/Users/timwalther/food_freshness/data/train/edible/paprika_edible_29dd3fdd705f.jpeg,data/train/edible/paprika_edible_29dd3fdd705f.jpeg,29dd3fdd705f7544d2e1d0ce5ab29dbbe12eee6cdfec20e258a1b3cab94cf419,18443052766295029984
val,edible,zitrone,structured,/Users/timwalther/food_freshness/data/val/edible/zitrone_edible_b5637e3a8b28.jpeg,data/val/edible/zitrone_edible_b5637e3a8b28.jpeg,b5637e3a8b2822d16a184b827a12d2990097a34140bdd4177f6f9452dbb1d3af,14882005054694154492
val,edible,zitrone,structured,/Users/timwalther/food_freshness/data/val/edible/zitrone_edible_c920ef83bb22.jpeg,data/val/edible/zitrone_edible_c920ef83bb22.jpeg,c920ef83bb2223d65b1b2561fc05f486dde8c5ee4675182711ac8daec7c9bf67,18367582040535922940
train,edible,zitrone,structured,/Users/timwalther/food_freshness/data/train/edible/zitrone_edible_96ad488b8882.jpeg,data/train/edible/zitrone_edible_96ad488b8882.jpeg,96ad488b8882a0d9bf3c7c6d1a1f463560356b45b69f59887fac07483c73118f,18438828555818229952
train,edible,zitrone,structured,/Users/timwalther/food_freshness/data/train/edible/zitrone_edible_0c9627c010da.jpeg,data/train/edible/zitrone_edible_0c9627c010da.jpeg,0c9627c010da3c4821b1459642f2346d02e37a40417a2477ea2830305a3fc07b,18226332437728722672
train,edible,zitrone,structured,/Users/timwalther/food_freshness/data/train/edible/zitrone_edible_95432c53d067.jpeg,data/train/edible/zitrone_edible_95432c53d067.jpeg,95432c53d06710642c887f0ea6db5eb2d80ce28d4ab331be2a7b447acda1ef78,9232503413916290784
train,edible,zitrone,structured,/Users/timwalther/food_freshness/data/train/edible/zitrone_edible_d46eaed5ce04.jpeg,data/train/edible/zitrone_edible_d46eaed5ce04.jpeg,d46eaed5ce045cef9cd29742832fad2cfb5e8387235ef441a08e00ae2fdb26a5,18446479299447881728
train,edible,zitrone,structured,/Users/timwalther/food_freshness/data/train/edible/zitrone_edible_9507a6b02399.jpeg,data/train/edible/zitrone_edible_9507a6b02399.jpeg,9507a6b02399b8a596f0c9af416d3cc78e660e7c94eabd2c7f23ffbb5886e964,17933547008507830512
train,edible,zitrone,structured,/Users/timwalther/food_freshness/data/train/edible/zitrone_edible_f82127a87279.jpeg,data/train/edible/zitrone_edible_f82127a87279.jpeg,f82127a8727977bb9d22240b483d2e5af00102bc87bdcccc5dd84dadd7407233,8301048065608384640
train,edible,zitrone,structured,/Users/timwalther/food_freshness/data/train/edible/zitrone_edible_71e6f3e6193b.jpeg,data/train/edible/zitrone_edible_71e6f3e6193b.jpeg,71e6f3e6193b36ecdf497a8cceaa29d94dcf0e24cbd6702042de8e2adcb2b88a,1961370673020141568
train,edible,zitrone,structured,/Users/timwalther/food_freshness/data/train/edible/zitrone_edible_cd48eca9f1a7.jpeg,data/train/edible/zitrone_edible_cd48eca9f1a7.jpeg,cd48eca9f1a79c688bb63bbc669f3a252ed61f408b81c8e450a5284346709e9a,18446744069295108336
train,edible,zitrone,structured,/Users/timwalther/food_freshness/data/train/edible/zitrone_edible_d19f06c2762f.jpeg,data/train/edible/zitrone_edible_d19f06c2762f.jpeg,d19f06c2762f457185f02ee9e83cc17394f25d5c6877a008671d6e1c18840c85,14902063997187274752
train,edible,zitrone,structured,/Users/timwalther/food_freshness/data/train/edible/zitrone_edible_499ae3865911.jpeg,data/train/edible/zitrone_edible_499ae3865911.jpeg,499ae38659114441111fd9fcda24e875f9794ec07efbf2496be2a182ff44cf92,18373814312489778940
val,non_edible,banane,structured,/Users/timwalther/food_freshness/data/val/non_edible/banane_non_edible_7ae0e0853015.png,data/val/non_edible/banane_non_edible_7ae0e0853015.png,7ae0e0853015ceaafd33cc968b81affadb616d22d5f4972e443f00b550192151,72910546684855295
val,non_edible,banane,structured,/Users/timwalther/food_freshness/data/val/non_edible/banane_non_edible_b9f175758af9.jpg,data/val/non_edible/banane_non_edible_b9f175758af9.jpg,b9f175758af91e44448c4fcc0be285ce8fccb22d42327067eb0539c1b7d2479e,18438266709975105280
val,non_edible,banane,structured,/Users/timwalther/food_freshness/data/val/non_edible/banane_non_edible_2230f6b5588a.jpg,data/val/non_edible/banane_non_edible_2230f6b5588a.jpg,2230f6b5588aa5faaede8c7ba21a0e3c2fad8f5eabf1bfee1a11dc9428d40130,18430919902345822208
val,non_edible,banane,structured,/Users/timwalther/food_freshness/data/val/non_edible/banane_non_edible_a4405b37fb5a.jpg,data/val/non_edible/banane_non_edible_a4405b37fb5a.jpg,a4405b37fb5a782c98d0c2115ad7f6e26fe8a33a834cff86455db54eeae83e9c,18445038597829033728
val,non_edible,banane,structured,/Users/timwalther/food_freshness/data/val/non_edible/banane_non_edible_5d65d4cb62f7.png,data/val/non_edible/banane_non_edible_5d65d4cb62f7.png,5d65d4cb62f7cdeb183dae9e1b9c1364805a88006c064890155d876d5d88d585,18155122005078968063
val,non_edible,banane,structured,/Users/timwalther/food_freshness/data/val/non_edible/banane_non_edible_6fa49ba0a41a.jpg,data/val/non_edible/banane_non_edible_6fa49ba0a41a.jpg,6fa49ba0a41a055234e3e9055a71a20fc9719c536bf7f9fed30139a3b7a010f0,18446744069548802048
val,non_edible,banane,structured,/Users/timwalther/food_freshness/data/val/non_edible/banane_non_edible_4e2a05f42c0c.jpg,data/val/non_edible/banane_non_edible_4e2a05f42c0c.jpg,4e2a05f42c0c5e4c70f8912dcc049adbbd5f6406b1de851061fb6e69d69ad44a,18446744070488326144
val,non_edible,banane,structured,/Users/timwalther/food_freshness/data/val/non_edible/banane_non_edible_791669cbf050.png,data/val/non_edible/banane_non_edible_791669cbf050.png,791669cbf05040ea89dc9a19209cf130632e96bf4eea51f2d66f250b62072f7f,18446112411827160007
train,non_edible,banane,structured,/Users/timwalther/food_freshness/data/train/non_edible/banane_non_edible_efa79318c845.jpg,data/train/non_edible/banane_non_edible_efa79318c845.jpg,efa79318c8459884a62cfdfc6a4c2b774db599314d8da49396a5007a7d47056e,18446713183900525312
train,non_edible,banane,structured,/Users/timwalther/food_freshness/data/train/non_edible/banane_non_edible_eb59ff3e8abf.png,data/train/non_edible/banane_non_edible_eb59ff3e8abf.png,eb59ff3e8abfcdfa224683329788aac4e82b26d6ff778ea8df2ef8976e341568,18446638003075006961
train,non_edible,banane,structured,/Users/timwalther/food_freshness/data/train/non_edible/banane_non_edible_44b047a150bb.png,data/train/non_edible/banane_non_edible_44b047a150bb.png,44b047a150bb3e57cb84dfe9effc2f8a54f6f849206fc2bc38370e649e080bd7,18434220094058979569
train,non_edible,banane,structured,/Users/timwalther/food_freshness/data/train/non_edible/banane_non_edible_5fb1d2941973.png,data/train/non_edible/banane_non_edible_5fb1d2941973.png,5fb1d29419734dd894a7933bc970f978b123d650b89612ac3fd802e880edb7d2,72909728451856167
train,non_edible,banane,structured,/Users/timwalther/food_freshness/data/train/non_edible/banane_non_edible_1a2730ac39ae.png,data/train/non_edible/banane_non_edible_1a2730ac39ae.png,1a2730ac39ae1d50af5f53ef9584c6901176adac4aaa95c2adaafc192cb55721,18438794061336266719
train,non_edible,banane,structured,/Users/timwalther/food_freshness/data/train/non_edible/banane_non_edible_54a7dde02b8b.png,data/train/non_edible/banane_non_edible_54a7dde02b8b.png,54a7dde02b8b0400cdb137ca93c47ba9e4780c81ef2a25f09567a25674c60724,18123032396692703183
train,non_edible,banane,structured,/Users/timwalther/food_freshness/data/train/non_edible/banane_non_edible_1ba24034c735.png,data/train/non_edible/banane_non_edible_1ba24034c735.png,1ba24034c735096f6cd26858ef671ce3bd3a33c9e05b11f42b4a6efb65fe40bd,18442734709391622143
train,non_edible,banane,structured,/Users/timwalther/food_freshness/data/train/non_edible/banane_non_edible_05e9f638fa6b.jpg,data/train/non_edible/banane_non_edible_05e9f638fa6b.jpg,05e9f638fa6bde21c2912261d3e7f30f67f8d866f06559b7a1b67dd7c54b86a6,18446638004240908288
train,non_edible,banane,structured,/Users/timwalther/food_freshness/data/train/non_edible/banane_non_edible_1c40be354500.jpg,data/train/non_edible/banane_non_edible_1c40be354500.jpg,1c40be354500834eff7b782801757163c4dfe5c31d5484e78578e3717ca6a9b1,18446744013312690176
train,non_edible,banane,structured,/Users/timwalther/food_freshness/data/train/non_edible/banane_non_edible_351fc3d8adce.png,data/train/non_edible/banane_non_edible_351fc3d8adce.png,351fc3d8adce6d20166d37169a017e59b52b61913a9d06f92a36151259f3c162,18446625059644700926
train,non_edible,banane,structured,/Users/timwalther/food_freshness/data/train/non_edible/banane_non_edible_0e4cf0464e1b.jpg,data/train/non_edible/banane_non_edible_0e4cf0464e1b.jpg,0e4cf0464e1b955e23b636e3f170aafeacb5d07b88c741fd7dfe02c319543911,18439975454242242560
train,non_edible,banane,structured,/Users/timwalther/food_freshness/data/train/non_edible/banane_non_edible_a56f4bcc50cf.png,data/train/non_edible/banane_non_edible_a56f4bcc50cf.png,a56f4bcc50cf38b4d45158c5840b4df8be7a92319e3f1c2f1fff00d82d707aa2,16709414288011545599
train,non_edible,banane,structured,/Users/timwalther/food_freshness/data/train/non_edible/banane_non_edible_0e5ec45756fa.jpg,data/train/non_edible/banane_non_edible_0e5ec45756fa.jpg,0e5ec45756fab3365ceb065f503db31de16b077646b3a3efbb2a704201f9c4e0,18446730749679176192
train,non_edible,banane,structured,/Users/timwalther/food_freshness/data/train/non_edible/banane_non_edible_e36698137e52.jpg,data/train/non_edible/banane_non_edible_e36698137e52.jpg,e36698137e5202b8f17763831e75060f70a019fc27555bb16ef0c45379a5ebe9,16123946474466705407
train,non_edible,banane,structured,/Users/timwalther/food_freshness/data/train/non_edible/banane_non_edible_c2030b952494.png,data/train/non_edible/banane_non_edible_c2030b952494.png,c2030b952494d2d686c7cd0951867584fe9f8d3aa1248fede211f6d0b5d59209,17866872363682429183
train,non_edible,banane,structured,/Users/timwalther/food_freshness/data/train/non_edible/banane_non_edible_2a868a5f0926.jpg,data/train/non_edible/banane_non_edible_2a868a5f0926.jpg,2a868a5f09261115386c5f3c95bb63b4f0bc91ee6c26d4a3221858a8db09e907,18443335484179742719
train,non_edible,banane,structured,/Users/timwalther/food_freshness/data/train/non_edible/banane_non_edible_591b9c93d2b7.jpg,data/train/non_edible/banane_non_edible_591b9c93d2b7.jpg,591b9c93d2b7a58b75d28b1f1673cdff7345a6637a41ce5870e6d847de0e9114,18446717556077166592
train,non_edible,banane,structured,/Users/timwalther/food_freshness/data/train/non_edible/banane_non_edible_5e3d7fb858d1.png,data/train/non_edible/banane_non_edible_5e3d7fb858d1.png,5e3d7fb858d186663dff4f83ddcf5f69ae3064efe0461eeadc417d62f81bfd5c,18446677559836934143
train,non_edible,banane,structured,/Users/timwalther/food_freshness/data/train/non_edible/banane_non_edible_e4c4a1330192.png,data/train/non_edible/banane_non_edible_e4c4a1330192.png,e4c4a1330192b3e5095fd95fd89dde94614bf956567072b3805bc359a13c67eb,18412900985312246265
train,non_edible,banane,structured,/Users/timwalther/food_freshness/data/train/non_edible/banane_non_edible_e1a0262a09f4.png,data/train/non_edible/banane_non_edible_e1a0262a09f4.png,e1a0262a09f42bb172f725e1f8ae71a54a6311790bd37ad4f43fc287dfec7824,18444758303699628540
train,non_edible,banane,structured,/Users/timwalther/food_freshness/data/train/non_edible/banane_non_edible_12b0b0b8607d.jpg,data/train/non_edible/banane_non_edible_12b0b0b8607d.jpg,12b0b0b8607dfb93a0aef74adc2869c20b088da150b13528bf87ba052e187397,18446744073491447808
train,non_edible,banane,structured,/Users/timwalther/food_freshness/data/train/non_edible/banane_non_edible_80815a7ef2d5.jpg,data/train/non_edible/banane_non_edible_80815a7ef2d5.jpg,80815a7ef2d5c8317daa6750e6a638ab63a9bb33891e4f5d1f7c8012791993fe,16107097627269791743
train,non_edible,banane,structured,/Users/timwalther/food_freshness/data/train/non_edible/banane_non_edible_044deac1b905.jpg,data/train/non_edible/banane_non_edible_044deac1b905.jpg,044deac1b905c0335784718bcfd3cdd5ee84b929d2c80d9c97a520f72079825b,18446744047687041024
train,non_edible,banane,structured,/Users/timwalther/food_freshness/data/train/non_edible/banane_non_edible_77633442ebd0.jpg,data/train/non_edible/banane_non_edible_77633442ebd0.jpg,77633442ebd0fc4c69ccbf7e9a93f95a27065abb85f0ca427573b7f9ae257ad5,18446743103164776448
train,non_edible,banane,structured,/Users/timwalther/food_freshness/data/train/non_edible/banane_non_edible_fabee4b66715.png,data/train/non_edible/banane_non_edible_fabee4b66715.png,fabee4b667151e716d962125c10c516b868cf128d716cb1834fa114d762277d8,18429786863171650559
train,non_edible,banane,structured,/Users/timwalther/food_freshness/data/train/non_edible/banane_non_edible_fc7cf45034a3.jpg,data/train/non_edible/banane_non_edible_fc7cf45034a3.jpg,fc7cf45034a3c57004cefd50c1eb96cce83b987434a1d9c93940c9aacd30ff7d,18446735148264194047
train,non_edible,banane,structured,/Users/timwalther/food_freshness/data/train/non_edible/banane_non_edible_6aedd4f03dac.png,data/train/non_edible/banane_non_edible_6aedd4f03dac.png,6aedd4f03dace4f57de33a664d871d5e6954acfe5121dca1873ddf869a396254,18439708302578286591
train,non_edible,banane,structured,/Users/timwalther/food_freshness/data/train/non_edible/banane_non_edible_47ca184dc04c.jpg,data/train/non_edible/banane_non_edible_47ca184dc04c.jpg,47ca184dc04cd1c2d186fa7220ddbabe86e2b13a4f64df6b9a89a165718b10f1,72410187751
train,non_edible,banane,structured,/Users/timwalther/food_freshness/data/train/non_edible/banane_non_edible_d4cde2651781.png,data/train/non_edible/banane_non_edible_d4cde2651781.png,d4cde26517812a84a5225f0c12f61ae9b8ec8c203e722aeb2dddccc2cd008bcf,18446717426683920865
train,non_edible,banane,structured,/Users/timwalther/food_freshness/data/train/non_edible/banane_non_edible_5b8f04b0d33c.png,data/train/non_edible/banane_non_edible_5b8f04b0d33c.png,5b8f04b0d33c181b5d32df204a09e8d83e3ddcd191eeb3b518d9550042335ade,18428658879538783231
train,non_edible,banane,structured,/Users/timwalther/food_freshness/data/train/non_edible/banane_non_edible_9ac6f1101116.jpg,data/train/non_edible/banane_non_edible_9ac6f1101116.jpg,9ac6f1101116a71cafd35594f087f3217f2b18997b5ef235ffad40a98870aa1e,18446682242406154240
val,non_edible,erdbeere,structured,/Users/timwalther/food_freshness/data/val/non_edible/erdbeere_non_edible_432548823a05.jpeg,data/val/non_edible/erdbeere_non_edible_432548823a05.jpeg,432548823a051f9cc7fc1fe1b8e51cb60d013610c2d4cf9bc3bf9b37b950668a,18298390134643548384
val,non_edible,erdbeere,structured,/Users/timwalther/food_freshness/data/val/non_edible/erdbeere_non_edible_d2476708cbe9.jpg,data/val/non_edible/erdbeere_non_edible_d2476708cbe9.jpg,d2476708cbe9a181f1bc7bb20fb348760d41cf366488422b21d039432899198b,18419598813226272513
val,non_edible,erdbeere,structured,/Users/timwalther/food_freshness/data/val/non_edible/erdbeere_non_edible_4df56e9a3629.jpg,data/val/non_edible/erdbeere_non_edible_4df56e9a3629.jpg,4df56e9a362953d0d303ecacce13e831eb24df6de042e3e30dd33451e134a29f,54069652937571580
train,non_edible,erdbeere,structured,/Users/timwalther/food_freshness/data/train/non_edible/erdbeere_non_edible_95d655f67fb8.jpeg,data/train/non_edible/erdbeere_non_edible_95d655f67fb8.jpeg,95d655f67fb892e8e8dc8c2638a6b061213abcd8e41d766a4e8611f4fe313113,17276035497848521443
train,non_edible,erdbeere,structured,/Users/timwalther/food_freshness/data/train/non_edible/erdbeere_non_edible_f7a1abfacc88.jpg,data/train/non_edible/erdbeere_non_edible_f7a1abfacc88.jpg,f7a1abfacc8843bedab5581b5b14a180f3258b306be5debc60521bd788a50060,18446740744988311744
train,non_edible,erdbeere,structured,/Users/timwalther/food_freshness/data/train/non_edible/erdbeere_non_edible_292d3700fdf4.jpg,data/train/non_edible/erdbeere_non_edible_292d3700fdf4.jpg,292d3700fdf4c1bc715c25dc6adf933028b9b700c064bf2c2a1b5eaf0dd9649a,18446744060773843136
train,non_edible,erdbeere,structured,/Users/timwalther/food_freshness/data/train/non_edible/erdbeere_non_edible_81b9dc5b3107.jpeg,data/train/non_edible/erdbeere_non_edible_81b9dc5b3107.jpeg,81b9dc5b3107f3ca3ed8dec44cd89fe0c15d9bd400627400cf0f34213703c866,17364438430666755051
train,non_edible,erdbeere,structured,/Users/timwalther/food_freshness/data/train/non_edible/erdbeere_non_edible_6ab2becce816.jpg,data/train/non_edible/erdbeere_non_edible_6ab2becce816.jpg,6ab2becce81612f7f8e5d0f08d3860915c917f197629b32081d10f08ad2306f6,18442178384013805519
train,non_edible,erdbeere,structured,/Users/timwalther/food_freshness/data/train/non_edible/erdbeere_non_edible_c16c9dd7841f.jpg,data/train/non_edible/erdbeere_non_edible_c16c9dd7841f.jpg,c16c9dd7841f33a27c3894ab45a375f38eff67c6ce38f088734866d2e927bc00,18446682242349789183
train,non_edible,erdbeere,structured,/Users/timwalther/food_freshness/data/train/non_edible/erdbeere_non_edible_b3e391c88ca8.jpg,data/train/non_edible/erdbeere_non_edible_b3e391c88ca8.jpg,b3e391c88ca8e401d81b78f64c4bca8fdfbfbfa3def81cb85f90bb30860b1c9b,18446713028671164415
train,non_edible,erdbeere,structured,/Users/timwalther/food_freshness/data/train/non_edible/erdbeere_non_edible_7716ee8f0efa.jpeg,data/train/non_edible/erdbeere_non_edible_7716ee8f0efa.jpeg,7716ee8f0efad0bc6331863339c9f8fba1c4d50d1fffb7f6047705a9692d13ec,13872424686325059583
train,non_edible,erdbeere,structured,/Users/timwalther/food_freshness/data/train/non_edible/erdbeere_non_edible_c222fd418855.jpeg,data/train/non_edible/erdbeere_non_edible_c222fd418855.jpeg,c222fd418855b153d5bc0add729801d099ab78faacf6854ea47abf9fb7868a26,18445160790658040207
train,non_edible,erdbeere,structured,/Users/timwalther/food_freshness/data/train/non_edible/erdbeere_non_edible_fb91e74bd1a9.jpeg,data/train/non_edible/erdbeere_non_edible_fb91e74bd1a9.jpeg,fb91e74bd1a9156b2ade868364cfd2836f14b1849565835db93a4b6e707fcb0d,7441947954100961279
val,non_edible,gurke,structured,/Users/timwalther/food_freshness/data/val/non_edible/gurke_non_edible_74a765ba08de.jpg,data/val/non_edible/gurke_non_edible_74a765ba08de.jpg,74a765ba08ded8c2c3467ef693ad93bf373275f6d67222cf33f14d0417d55624,17507445519141597296
val,non_edible,gurke,structured,/Users/timwalther/food_freshness/data/val/non_edible/gurke_non_edible_b4408e4ca775.png,data/val/non_edible/gurke_non_edible_b4408e4ca775.png,b4408e4ca77573fbfeab06733b80eccd7c448cff091d652d7c1b40ae424f2282,4503265134847327868
train,non_edible,gurke,structured,/Users/timwalther/food_freshness/data/train/non_edible/gurke_non_edible_d579be9829cb.jpg,data/train/non_edible/gurke_non_edible_d579be9829cb.jpg,d579be9829cb65a7fb3fd0fea3855fd90f29ab50edd93f18ef442c9ed64bcd93,18298098785617739904
train,non_edible,gurke,structured,/Users/timwalther/food_freshness/data/train/non_edible/gurke_non_edible_a658b255130a.png,data/train/non_edible/gurke_non_edible_a658b255130a.png,a658b255130ad4759175a7092337ba469c2780cff7a2baeaab6812e9bc4e54b9,4503251922987515516
train,non_edible,gurke,structured,/Users/timwalther/food_freshness/data/train/non_edible/gurke_non_edible_9f58513b78c5.png,data/train/non_edible/gurke_non_edible_9f58513b78c5.png,9f58513b78c5bff599dd5de914c4bec23b6ffd7cab9728f2f79412518118e688,4503273913220071036
train,non_edible,gurke,structured,/Users/timwalther/food_freshness/data/train/non_edible/gurke_non_edible_37b8abf13e08.jpg,data/train/non_edible/gurke_non_edible_37b8abf13e08.jpg,37b8abf13e08fa6f3a493e0cf2bfca03c170b1f3e2561ddd9eb3b75ccb65f79c,43488311238406169
train,non_edible,gurke,structured,/Users/timwalther/food_freshness/data/train/non_edible/gurke_non_edible_4418f10943bd.png,data/train/non_edible/gurke_non_edible_4418f10943bd.png,4418f10943bdcb65f4c08fc577ca2c359056df51625dab51b89a5ac9f6f53d91,4503291643384036988
train,non_edible,gurke,structured,/Users/timwalther/food_freshness/data/train/non_edible/gurke_non_edible_8a698f6ec348.jpg,data/train/non_edible/gurke_non_edible_8a698f6ec348.jpg,8a698f6ec3485f310a28e57fdb9c54358c08a6cf594511711b5a28b90454d9c7,18403946657071759614
train,non_edible,gurke,structured,/Users/timwalther/food_freshness/data/train/non_edible/gurke_non_edible_dfc0dcddaabf.jpg,data/train/non_edible/gurke_non_edible_dfc0dcddaabf.jpg,dfc0dcddaabf76c2d16b520a0e3599b63ba137b7212ba45e50107e9f25159e40,8518624898858237462
train,non_edible,gurke,structured,/Users/timwalther/food_freshness/data/train/non_edible/gurke_non_edible_7d0ac5f9cb87.png,data/train/non_edible/gurke_non_edible_7d0ac5f9cb87.png,7d0ac5f9cb873422a881e08fa6b2703ebc01a6e40c0e4d6a6699ee0f1770ca2b,4503317893689114236
train,non_edible,gurke,structured,/Users/timwalther/food_freshness/data/train/non_edible/gurke_non_edible_e328190e3080.jpg,data/train/non_edible/gurke_non_edible_e328190e3080.jpg,e328190e30804bdce8a91b775292725a733b661e72ce6dac8517c61e73cf9007,5276404078423896319
train,non_edible,gurke,structured,/Users/timwalther/food_freshness/data/train/non_edible/gurke_non_edible_c068fd78c61f.png,data/train/non_edible/gurke_non_edible_c068fd78c61f.png,c068fd78c61f8f432327dfbdd9288f0fc36b7fe23210a5bb2b82089c5773a091,4503311433185853052
val,non_edible,orange,structured,/Users/timwalther/food_freshness/data/train/non_edible/orange_non_edible_a313e7109c0b.png,data/val/non_edible/orange_non_edible_a313e7109c0b.png,a313e7109c0b0d8795656f80dfed58523e8db6e4893ee0834c1583509a82266a,18429716502051800007
val,non_edible,orange,structured,/Users/timwalther/food_freshness/data/train/non_edible/orange_non_edible_a028fbcb0e93.png,data/val/non_edible/orange_non_edible_a028fbcb0e93.png,a028fbcb0e93ccc9a027f669106c62307782b26f8c591ba40e39dd6a1e0eada4,18429715941450548223
val,non_edible,orange,structured,/Users/timwalther/food_freshness/data/train/non_edible/orange_non_edible_772d0c8b295d.png,data/val/non_edible/orange_non_edible_772d0c8b295d.png,772d0c8b295d3d7b819585f9844a49554c90c84d986ca0cea17e8a434a108d4d,18429724789217412095
val,non_edible,orange,structured,/Users/timwalther/food_freshness/data/val/non_edible/orange_non_edible_21b002f6319f.png,data/val/non_edible/orange_non_edible_21b002f6319f.png,21b002f6319ff68bac9b79a283fb1d972d700ab19554c85a8f0290bf13a18354,18443350916149018848
val,non_edible,orange,structured,/Users/timwalther/food_freshness/data/train/non_edible/orange_non_edible_7f15f53e564a.png,data/val/non_edible/orange_non_edible_7f15f53e564a.png,7f15f53e564ab9c4ab5afaf14bc9691328150ec3fa2beaeab0f8d3c17bb7052c,18445004377904222095
train,non_edible,orange,structured,/Users/timwalther/food_freshness/data/train/non_edible/orange_non_edible_007222653eb3.png,data/train/non_edible/orange_non_edible_007222653eb3.png,007222653eb33495dd9b347daf761cebe627b0e504348c40c970d0545c479fa4,18446637421081690305
train,non_edible,orange,background_aug,/Users/timwalther/food_freshness/generated/background_aug/non_edible/orange/orange2_bgaug_1_ba02cfa35d.jpg,data/train/non_edible/orange_non_edible_bcef90d7e4c1.jpg,bcef90d7e4c1e9b4c2aff144055d91a3d874a7bf34e09338c539386dfae2aad4,18247492904899715072
train,non_edible,orange,background_aug,/Users/timwalther/food_freshness/generated/background_aug/non_edible/orange/rotten_orange10_bgaug_1_a313e7109c.jpg,data/train/non_edible/orange_non_edible_34636e6382b7.jpg,34636e6382b7a29236fe38be502daac6ea95b43bf3a96f3cc50139618414c7b7,18443333265147166720
train,non_edible,orange,structured,/Users/timwalther/food_freshness/data/train/non_edible/orange_non_edible_ba02cfa35d30.png,data/train/non_edible/orange_non_edible_ba02cfa35d30.png,ba02cfa35d304eea43e97be61f49ab574f2cec056ac105b648970c4f54e41eb8,18412706642622875599
train,non_edible,orange,background_aug,/Users/timwalther/food_freshness/generated/background_aug/non_edible/orange/rotten_orange6_bgaug_0_a028fbcb0e.jpg,data/train/non_edible/orange_non_edible_291d6cfce5b9.jpg,291d6cfce5b95d977f8c160b9c65d8b01eaf24ef56468582c00ef01adbda8e0c,18438794337847607295
train,non_edible,orange,background_aug,/Users/timwalther/food_freshness/generated/background_aug/non_edible/orange/orange3_bgaug_1_772d0c8b29.jpg,data/train/non_edible/orange_non_edible_cb14a19103db.jpg,cb14a19103db59cf933b4c0aed1bf2ffc02f9abfada49363342b8c605db43f8d,1176679563539980
train,non_edible,orange,structured,/Users/timwalther/food_freshness/data/train/non_edible/orange_non_edible_494dadbbc69e.png,data/train/non_edible/orange_non_edible_494dadbbc69e.png,494dadbbc69e28051b821146a1afd0c66772a19cee6e887007155d3403d6f7f2,2237167538839473935
train,non_edible,orange,background_aug,/Users/timwalther/food_freshness/generated/background_aug/non_edible/orange/rotten_orange11_bgaug_0_7f15f53e56.jpg,data/train/non_edible/orange_non_edible_344ac23bef54.jpg,344ac23bef54bfdd2c8b83801377448ad9b8b13d4b859f9211a554ee3b67e975,18446462671628820480
train,non_edible,orange,structured,/Users/timwalther/food_freshness/data/val/non_edible/orange_non_edible_f3bdb50ccac1.png,data/train/non_edible/orange_non_edible_f3bdb50ccac1.png,f3bdb50ccac161fbe858e6ca3393e70d8d388d0d25d80fb74d13fb3165943d6d,18446743512008392832
train,non_edible,orange,background_aug,/Users/timwalther/food_freshness/generated/background_aug/non_edible/orange/rotten_orange6_bgaug_1_a028fbcb0e.jpg,data/train/non_edible/orange_non_edible_dd7f687796fe.jpg,dd7f687796febfbd1ca2140a46129e7d66998e5a3fba972fa4b5d90deafbef0f,18430853398081245184
train,non_edible,orange,background_aug,/Users/timwalther/food_freshness/generated/background_aug/non_edible/orange/rotten_orange10_bgaug_0_a313e7109c.jpg,data/train/non_edible/orange_non_edible_307b7e171ede.jpg,307b7e171ededfc6dfb90e41747025ef764f40156698b7c3aeed8731fda45241,7921304522728448
train,non_edible,orange,background_aug,/Users/timwalther/food_freshness/generated/background_aug/non_edible/orange/orange2_bgaug_0_ba02cfa35d.jpg,data/train/non_edible/orange_non_edible_6350a337971b.jpg,6350a337971bc2f2299e980d41a3faca1b600ad85acba2a12855df82a97f1c90,18446734695515295744
train,non_edible,orange,background_aug,/Users/timwalther/food_freshness/generated/background_aug/non_edible/orange/rotten_orange4_bgaug_1_007222653e.jpg,data/train/non_edible/orange_non_edible_a260109aadf9.jpg,a260109aadf9adccbd6a9988b78b569a8b8aae0aa571fb1ae5954007e27ca3f1,18446708346053706240
train,non_edible,orange,structured,/Users/timwalther/food_freshness/data/train/non_edible/orange_non_edible_d92f755d151d.png,data/train/non_edible/orange_non_edible_d92f755d151d.png,d92f755d151dcb6476582d0672def1d9140b3ce7148dba6952b61253e65b4237,18429716493420823491
train,non_edible,orange,background_aug,/Users/timwalther/food_freshness/generated/background_aug/non_edible/orange/orange3_bgaug_0_772d0c8b29.jpg,data/train/non_edible/orange_non_edible_f5b01afccfb8.jpg,f5b01afccfb8c2452a2f13d89140f9b45e1991c7262105a2e5774958d045e977,18446523102594797056
train,non_edible,orange,background_aug,/Users/timwalther/food_freshness/generated/background_aug/non_edible/orange/rotten_orange4_bgaug_0_007222653e.jpg,data/train/non_edible/orange_non_edible_d135765f97a2.jpg,d135765f97a24f9e00587b8ef9d554406c4a7cd522e4e53954637ac54999997f,18446629189840222208
train,non_edible,orange,background_aug,/Users/timwalther/food_freshness/generated/background_aug/non_edible/orange/rotten_orange11_bgaug_1_7f15f53e56.jpg,data/train/non_edible/orange_non_edible_d8d99c3a5d03.jpg,d8d99c3a5d037b6b4c9f8e5a9a6de82cca8929bae0a8cafa6b4715f188f4f039,26905695748096
train,non_edible,orange,structured,/Users/timwalther/food_freshness/data/train/non_edible/orange_non_edible_ccc896a7dce3.png,data/train/non_edible/orange_non_edible_ccc896a7dce3.png,ccc896a7dce3e51328f8c63327233ad063337c144bfb2d882ec872a441a5f404,18430844600873763783
val,non_edible,paprika,structured,/Users/timwalther/food_freshness/data/val/non_edible/paprika_non_edible_4345eb209da0.jpg,data/val/non_edible/paprika_non_edible_4345eb209da0.jpg,4345eb209da0e9e4c106d9d77a43565787e72db59a25efc3f7cb38633df8bb46,18446620445350268815
val,non_edible,paprika,structured,/Users/timwalther/food_freshness/data/train/non_edible/paprika_non_edible_e5ae48c65e3f.jpg,data/val/non_edible/paprika_non_edible_e5ae48c65e3f.jpg,e5ae48c65e3f58058b7137dc77b64a393b282a8a2d0625c509bd696b2581bc1d,515388409121837055
val,non_edible,paprika,structured,/Users/timwalther/food_freshness/data/train/non_edible/paprika_non_edible_2a768e953563.jpeg,data/val/non_edible/paprika_non_edible_2a768e953563.jpeg,2a768e953563a136bd05ba209edc95e5a31f662484d2be559685b6b09f07dcba,134138284120205311
val,non_edible,paprika,structured,/Users/timwalther/food_freshness/data/val/non_edible/paprika_non_edible_a07077689256.jpg,data/val/non_edible/paprika_non_edible_a07077689256.jpg,a07077689256141d74271a0fc2cef89e3044ba9a30ee804e31cf08d0a83849f5,1991366875749888
val,non_edible,paprika,structured,/Users/timwalther/food_freshness/data/val/non_edible/paprika_non_edible_72dff42adfda.jpg,data/val/non_edible/paprika_non_edible_72dff42adfda.jpg,72dff42adfdaf46721dfa8dd9fd21a1a2dcb1c65301f819b469cf6c552a4b4d5,18438803167761268735
val,non_edible,paprika,structured,/Users/timwalther/food_freshness/data/train/non_edible/paprika_non_edible_762a6d19c474.jpeg,data/val/non_edible/paprika_non_edible_762a6d19c474.jpeg,762a6d19c474d35cf7f8f799dab75bf6de4c6aa1687ff57da15a7e6368636697,18437471956450148352
val,non_edible,paprika,structured,/Users/timwalther/food_freshness/data/train/non_edible/paprika_non_edible_c9456ffa2ed6.jpg,data/val/non_edible/paprika_non_edible_c9456ffa2ed6.jpg,c9456ffa2ed688752523462d0e979c6e2174e28c2694ea51aaba7b30ed55708f,18433096400721135615
val,non_edible,paprika,structured,/Users/timwalther/food_freshness/data/train/non_edible/paprika_non_edible_1bcecdbb12e1.jpg,data/val/non_edible/paprika_non_edible_1bcecdbb12e1.jpg,1bcecdbb12e101b048a95de299b9b13cee2caa7020c6db1cfd7a099e43fd891f,18433171158888335359
val,non_edible,paprika,structured,/Users/timwalther/food_freshness/data/train/non_edible/paprika_non_edible_89302ec51a45.jpg,data/val/non_edible/paprika_non_edible_89302ec51a45.jpg,89302ec51a454cc88982f6b29e464d42513f319cf1b5a3d2ede60dc495fa72af,11475144098074206991
train,non_edible,paprika,background_aug,/Users/timwalther/food_freshness/generated/background_aug/non_edible/paprika/paprika8_bgaug_1_5912abb906.jpg,data/train/non_edible/paprika_non_edible_5139e13a7f31.jpg,5139e13a7f31f5b2be836cc7bacf015aa90182f1dfd4541691ecef04e2c0ccfa,18446732495286697984
train,non_edible,paprika,structured,/Users/timwalther/food_freshness/data/train/non_edible/paprika_non_edible_eb91f0b8d4b7.jpg,data/train/non_edible/paprika_non_edible_eb91f0b8d4b7.jpg,eb91f0b8d4b707774104ceaf0c88fb6195de14af8c472c5bac634884d59b592a,9141884663568384
train,non_edible,paprika,structured,/Users/timwalther/food_freshness/data/train/non_edible/paprika_non_edible_f7acb76854dc.jpeg,data/train/non_edible/paprika_non_edible_f7acb76854dc.jpeg,f7acb76854dc055ee6c3eb08cb4a4aa31e5638c5eb798733211e66548de0059d,7167897991724990735
train,non_edible,paprika,structured,/Users/timwalther/food_freshness/data/train/non_edible/paprika_non_edible_69e2c0debe38.jpg,data/train/non_edible/paprika_non_edible_69e2c0debe38.jpg,69e2c0debe38054f6d30c1656325d98ac99816b4b4922ad1cc03aaaf37c7f8b9,8133747771298802675
train,non_edible,paprika,background_aug,/Users/timwalther/food_freshness/generated/background_aug/non_edible/paprika/paprika3_bgaug_0_1ef15f21a1.jpg,data/train/non_edible/paprika_non_edible_3de4a1d3d567.jpg,3de4a1d3d567ec57a3fdf8811e4b1b66d97d857baa79583c5cd4351a5a540ad8,18446743025805429760
train,non_edible,paprika,structured,/Users/timwalther/food_freshness/data/train/non_edible/paprika_non_edible_31b55488467a.jpg,data/train/non_edible/paprika_non_edible_31b55488467a.jpg,31b55488467a99c1b66da53be62dc74da09461a73e4119f99fa5fa664b04df7a,18446599369687840768
train,non_edible,paprika,background_aug,/Users/timwalther/food_freshness/generated/background_aug/non_edible/paprika/paprika13_bgaug_0_97682348d4.jpg,data/train/non_edible/paprika_non_edible_6ec33016bb89.jpg,6ec33016bb895f0cc0371319a0a3afc8ba1d741027b2bd48df8f38528ae686cd,18446744069887492096
train,non_edible,paprika,structured,/Users/timwalther/food_freshness/data/train/non_edible/paprika_non_edible_5912abb9061f.jpg,data/train/non_edible/paprika_non_edible_5912abb9061f.jpg,5912abb9061f0d423a44b3f8620e412e67084126a5f58b591e8d37cfa179a19d,18439919962337567743
train,non_edible,paprika,structured,/Users/timwalther/food_freshness/data/train/non_edible/paprika_non_edible_03761769bcca.jpeg,data/train/non_edible/paprika_non_edible_03761769bcca.jpeg,03761769bcca58bf92bbcd026ff77ee8cda4d54f23b39e301be53ac639dc7700,14345962866589303567
train,non_edible,paprika,structured,/Users/timwalther/food_freshness/data/train/non_edible/paprika_non_edible_8c79da92e384.jpg,data/train/non_edible/paprika_non_edible_8c79da92e384.jpg,8c79da92e384a4c4b2fe4d2d9e84dc44774432a8128f0bb8fa3ba2a9c5a8421b,18446740744857252717
train,non_edible,paprika,structured,/Users/timwalther/food_freshness/data/val/non_edible/paprika_non_edible_8ca6569cf7c6.jpg,data/train/non_edible/paprika_non_edible_8ca6569cf7c6.jpg,8ca6569cf7c6dcce9f16cb5e438e8e7db1c008fc6871a3044797c7581916feb7,18445583543506689023
train,non_edible,paprika,structured,/Users/timwalther/food_freshness/data/train/non_edible/paprika_non_edible_16ad13568582.jpg,data/train/non_edible/paprika_non_edible_16ad13568582.jpg,16ad13568582e9a08a5443aed73dd3f97e88e3f08dfe6ce8130f74e0ca411766,40810567969014015
train,non_edible,paprika,structured,/Users/timwalther/food_freshness/data/train/non_edible/paprika_non_edible_80769d34c83a.jpg,data/train/non_edible/paprika_non_edible_80769d34c83a.jpg,80769d34c83a282017cf946559526da3efbc9c4f7951ec6122208788a45c5ba9,18443350916805953536
train,non_edible,paprika,structured,/Users/timwalther/food_freshness/data/train/non_edible/paprika_non_edible_a171b0a5a0d9.jpg,data/train/non_edible/paprika_non_edible_a171b0a5a0d9.jpg,a171b0a5a0d90b1e8e6f75e02b52adc522b20cdee159441682fe08d9830f3056,18443350917341773824
train,non_edible,paprika,background_aug,/Users/timwalther/food_freshness/generated/background_aug/non_edible/paprika/paprika3_bgaug_1_1ef15f21a1.jpg,data/train/non_edible/paprika_non_edible_7fbea48cdf62.jpg,7fbea48cdf62a0536a29d415b8e3be3c4651752db829146b5999af3ef0ea6897,18446730815415519232
train,non_edible,paprika,background_aug,/Users/timwalther/food_freshness/generated/background_aug/non_edible/paprika/paprika8_bgaug_0_5912abb906.jpg,data/train/non_edible/paprika_non_edible_ba836436f4dc.jpg,ba836436f4dc8b33f50f95bb1a7d640081a2f9541aab333fd78a6e85dd607b80,18442174243054551040
train,non_edible,paprika,structured,/Users/timwalther/food_freshness/data/val/non_edible/paprika_non_edible_a43de0662496.jpg,data/train/non_edible/paprika_non_edible_a43de0662496.jpg,a43de06624969f551df7e140b12ee0deacddc876e0e799d4fa6dc694e2f01878,18446743865403637760
train,non_edible,paprika,background_aug,/Users/timwalther/food_freshness/generated/background_aug/non_edible/paprika/paprika2_bgaug_0_8ca6569cf7.jpg,data/train/non_edible/paprika_non_edible_e180ef89bce6.jpg,e180ef89bce6bd21e721bd3e7838c7c67645ca7897a73a8acc39ed2c5e21aa06,18446743931975630848
train,non_edible,paprika,structured,/Users/timwalther/food_freshness/data/train/non_edible/paprika_non_edible_f787ed0cb4a0.jpg,data/train/non_edible/paprika_non_edible_f787ed0cb4a0.jpg,f787ed0cb4a05b52de1d83a6c445fe3ff59b2d3f98078cca277021b031671adf,2282706872047616
train,non_edible,paprika,structured,/Users/timwalther/food_freshness/data/train/non_edible/paprika_non_edible_97682348d4b7.jpg,data/train/non_edible/paprika_non_edible_97682348d4b7.jpg,97682348d4b72ad16c61aed13e4ea0633e38370cb25cc8bf2af2e26d1baddc12,18445039562276325327
train,non_edible,paprika,structured,/Users/timwalther/food_freshness/data/train/non_edible/paprika_non_edible_1bad15e6da76.jpg,data/train/non_edible/paprika_non_edible_1bad15e6da76.jpg,1bad15e6da76c9ef06cf855e398e5ea16a72b338e017dcfdd92afae7ceec929a,18415085313849401247
train,non_edible,paprika,background_aug,/Users/timwalther/food_freshness/generated/background_aug/non_edible/paprika/paprika6_bgaug_0_b224c4fead.jpg,data/train/non_edible/paprika_non_edible_9af55cb95086.jpg,9af55cb950867fcae121c79dd26009fb0ac1bc264f924bf4349b78f1174b5b31,18446606716419408895
train,non_edible,paprika,structured,/Users/timwalther/food_freshness/data/train/non_edible/paprika_non_edible_b224c4feadd8.jpg,data/train/non_edible/paprika_non_edible_b224c4feadd8.jpg,b224c4feadd86116809b3345af554cbac654ddf146d5e01a5a869a2569c8d37a,18446675360700531139
train,non_edible,paprika,structured,/Users/timwalther/food_freshness/data/train/non_edible/paprika_non_edible_5a8b4f819db2.jpeg,data/train/non_edible/paprika_non_edible_5a8b4f819db2.jpeg,5a8b4f819db2309fd0eb56fa77534458bcf6b06a891d9b99dc4d2954889ee046,18229792906351480815
train,non_edible,paprika,structured,/Users/timwalther/food_freshness/data/train/non_edible/paprika_non_edible_d99394e29dec.jpg,data/train/non_edible/paprika_non_edible_d99394e29dec.jpg,d99394e29dec18e816984575ca49c08b99f782eb546baf45fd60b2e5cd52ed0f,18412728512672169983
train,non_edible,paprika,structured,/Users/timwalther/food_freshness/data/train/non_edible/paprika_non_edible_ed1d977fb23c.jpg,data/train/non_edible/paprika_non_edible_ed1d977fb23c.jpg,ed1d977fb23c1a83002ad5c872b1da9fcd8bfdbce0b63f4ec664146780229752,18442213964499764223
train,non_edible,paprika,structured,/Users/timwalther/food_freshness/data/train/non_edible/paprika_non_edible_b9bfedcb9776.jpg,data/train/non_edible/paprika_non_edible_b9bfedcb9776.jpg,b9bfedcb9776069172e4a644f02a24d545d04c5b2b5afebbf6a6999e27511ab0,18446736929039892991
train,non_edible,paprika,structured,/Users/timwalther/food_freshness/data/train/non_edible/paprika_non_edible_5560080bba9e.jpg,data/train/non_edible/paprika_non_edible_5560080bba9e.jpg,5560080bba9ebd5126742ca44365914d2d3a13575ed8f29c4d4337239e53767e,2340973259459984636
train,non_edible,paprika,structured,/Users/timwalther/food_freshness/data/train/non_edible/paprika_non_edible_db0b4d7e8737.jpg,data/train/non_edible/paprika_non_edible_db0b4d7e8737.jpg,db0b4d7e87374c7a9881142db0b288a6f94768e5f4313df07ef6d331e7084bc1,18377818751856185472
train,non_edible,paprika,structured,/Users/timwalther/food_freshness/data/val/non_edible/paprika_non_edible_b0757ffaf14c.jpg,data/train/non_edible/paprika_non_edible_b0757ffaf14c.jpg,b0757ffaf14c76e1e4524b7020b0981c48f14554b203b8962afc4123b0b37878,18446604991956356095
train,non_edible,paprika,structured,/Users/timwalther/food_freshness/data/train/non_edible/paprika_non_edible_bdfbbf86a84c.jpg,data/train/non_edible/paprika_non_edible_bdfbbf86a84c.jpg,bdfbbf86a84cf1757057de00d372996ed2e3514e2030aaa0652d68ab7b14adf5,18446744069617751040
train,non_edible,paprika,structured,/Users/timwalther/food_freshness/data/train/non_edible/paprika_non_edible_1ef15f21a11b.jpg,data/train/non_edible/paprika_non_edible_1ef15f21a11b.jpg,1ef15f21a11b9f707eef1c897a7bdb3a90f59a5349257375e79ffadfcc0444d0,18430919660897028095
train,non_edible,paprika,background_aug,/Users/timwalther/food_freshness/generated/background_aug/non_edible/paprika/paprika6_bgaug_1_b224c4fead.jpg,data/train/non_edible/paprika_non_edible_19b08f6b01a6.jpg,19b08f6b01a643d584b02fbf1555c2f7f8c362388b23d5ac128ad8a78023f564,18446717452441149939
train,non_edible,paprika,background_aug,/Users/timwalther/food_freshness/generated/background_aug/non_edible/paprika/paprika2_bgaug_1_8ca6569cf7.jpg,data/train/non_edible/paprika_non_edible_907acdd507e5.jpg,907acdd507e5503f86a90eb2055800f75a256ad5dc0bee53cd5de3e00ef23733,18446744073708474369
train,non_edible,paprika,background_aug,/Users/timwalther/food_freshness/generated/background_aug/non_edible/paprika/paprika13_bgaug_1_97682348d4.jpg,data/train/non_edible/paprika_non_edible_ba50f87fa77e.jpg,ba50f87fa77e6a42248bdf0931914f6d1e0afe26ce5e327bc6a08409713495d6,18446744069566103552
train,non_edible,paprika,structured,/Users/timwalther/food_freshness/data/val/non_edible/paprika_non_edible_d61a2a04c253.jpg,data/train/non_edible/paprika_non_edible_d61a2a04c253.jpg,d61a2a04c253079d91f7119991f443eb0b2040f7c9be52f21a1a33dfa28f5f46,18446744069649989632
train,non_edible,zitrone,background_aug,/Users/timwalther/food_freshness/generated/background_aug/non_edible/zitrone/rotten_zitrone_bgaug_1_3ce92b1994.jpg,data/train/non_edible/zitrone_non_edible_7975e3a786a5.jpg,7975e3a786a5fab960d080106f8535bf5abcb2b48fbaabfbc7c9908e2bbf1070,1737296671499616256
val,non_edible,zitrone,structured,/Users/timwalther/food_freshness/data/train/non_edible/zitrone_non_edible_37e34b5d4ad5.png,data/val/non_edible/zitrone_non_edible_37e34b5d4ad5.png,37e34b5d4ad56a1e602a51c08840c0a5fcdebb5e502aee5bd5ed4912f26eda51,18432955102697473023
train,non_edible,zitrone,background_aug,/Users/timwalther/food_freshness/generated/background_aug/non_edible/zitrone/rotten_zitrone5_bgaug_1_5d3f3ee6ee.jpg,data/train/non_edible/zitrone_non_edible_43a311720b9a.jpg,43a311720b9a3a7a0bb7604798b2df28c847ae751be0dcaaa8db7742e7f92b5e,18443334724830035968
train,non_edible,zitrone,background_aug,/Users/timwalther/food_freshness/generated/background_aug/non_edible/zitrone/rotten_zitrone1_bgaug_0_37e34b5d4a.jpg,data/train/non_edible/zitrone_non_edible_2bbf96a1fa07.jpg,2bbf96a1fa0730dcc013e71093f39d8a513ff9e75cdb41ba83d31ae4f33e5152,18391713646062075904
train,non_edible,zitrone,structured,/Users/timwalther/food_freshness/data/train/non_edible/zitrone_non_edible_3ce92b199498.png,data/train/non_edible/zitrone_non_edible_3ce92b199498.png,3ce92b199498891e2cd62e9cacbf1ae838d6b5dad97ae85731df6686911a009c,18415112236600230855
train,non_edible,zitrone,background_aug,/Users/timwalther/food_freshness/generated/background_aug/non_edible/zitrone/rotten_zitrone5_bgaug_0_5d3f3ee6ee.jpg,data/train/non_edible/zitrone_non_edible_6659ac6d57b5.jpg,6659ac6d57b54930d630435c5dbb162b7eb5dc79d724fd17abd03bfeaa86f106,18433109639232780288
train,non_edible,zitrone,background_aug,/Users/timwalther/food_freshness/generated/background_aug/non_edible/zitrone/rotten_zitrone_bgaug_0_3ce92b1994.jpg,data/train/non_edible/zitrone_non_edible_f721a32f58b1.jpg,f721a32f58b1e8f84471ba9a8821c38bcab0b975f9f9ba8403395516845fc558,18446708468799766528
train,non_edible,zitrone,structured,/Users/timwalther/food_freshness/data/val/non_edible/zitrone_non_edible_5d3f3ee6ee4c.png,data/train/non_edible/zitrone_non_edible_5d3f3ee6ee4c.png,5d3f3ee6ee4c912bcd4d79ba1ccda390e8494e5ad89c54f418d292401e50ad84,17276797187808019431
train,non_edible,zitrone,structured,/Users/timwalther/food_freshness/data/train/non_edible/zitrone_non_edible_fe275728872b.png,data/train/non_edible/zitrone_non_edible_fe275728872b.png,fe275728872b7f5dd17b2d2fe595f16b3718b3be88b788c34cdafb18f5d0ca1e,16954732354417639
train,non_edible,zitrone,background_aug,/Users/timwalther/food_freshness/generated/background_aug/non_edible/zitrone/rotten_zitrone3_bgaug_1_8fa8214c18.jpg,data/train/non_edible/zitrone_non_edible_503a4a198c67.jpg,503a4a198c67acd268349de845da8f6c45c67ebd8d52c14982716d4afa8ce4cf,18446743832180769382
train,non_edible,zitrone,structured,/Users/timwalther/food_freshness/data/train/non_edible/zitrone_non_edible_8fa8214c18cd.png,data/train/non_edible/zitrone_non_edible_8fa8214c18cd.png,8fa8214c18cd360ec65400ebbf550b83a497b41440588351b869d798c11a9550,18437604396247384963
train,non_edible,zitrone,background_aug,/Users/timwalther/food_freshness/generated/background_aug/non_edible/zitrone/rotten_zitrone3_bgaug_0_8fa8214c18.jpg,data/train/non_edible/zitrone_non_edible_eb2b293fd40a.jpg,eb2b293fd40ac59716837a9955a6af2c138ddbc3ebffd043c01defee747f62c3,18446618204530540544
train,non_edible,zitrone,background_aug,/Users/timwalther/food_freshness/generated/background_aug/non_edible/zitrone/rotten_zitrone1_bgaug_1_37e34b5d4a.jpg,data/train/non_edible/zitrone_non_edible_643dd1a020c7.jpg,643dd1a020c7a1377b501fe1eb6d2c87777f46f9c5516080e1a576abe6c45e22,133025748252672
